field_1,lat,lon,grid_id,EpiDist,VS30,mmimean,thresh1,thresh2
1,31,-123,1,549.8436758,600,,0,
37,31,-122.8,37,535.6909262,600,,,
73,31,-122.6,73,521.8288547,600,2.99284935,,
109,31,-122.4,109,508.2812956,600,3.025547504,,
145,31,-122.2,145,495.0741191,600,3.057696819,,
181,31,-122,181,482.2353413,600,3.089209795,,
217,31,-121.8,217,469.795214,600,3.119989395,,
253,31,-121.6,253,457.7862835,600,3.149927139,,
289,31,-121.4,289,446.2434075,600,3.178904772,,
325,31,-121.2,325,435.2037134,600,3.206792593,,
361,31,-121,361,424.7064825,600,3.23347187,,
397,31,-120.8,397,414.7929397,600,3.259923935,,
433,31,-120.6,433,405.5059328,600,3.285727739,,
469,31,-120.4,469,396.8894799,600,3.310061216,,
505,31,-120.2,505,388.9881753,600,3.332664013,,
541,31,-120,541,381.8464448,600,3.353319883,,
577,31,-119.8,577,375.5076554,600,3.371845722,,
613,31,-119.6,613,370.0130987,600,3.388063669,,
649,31,-119.4,649,365.4008808,600,3.401804924,,
685,31,-119.2,685,361.7047729,600,3.412917137,,
721,31,-119,721,358.9530887,600,3.421270847,,
757,31,-118.8,757,357.1676668,600,3.426763773,,
793,31,-118.6,793,356.363037,600,3.429326773,,
829,31,-118.4,829,356.5458424,600,3.428927183,,
865,31,-118.2,865,357.7145685,600,3.425570011,,
901,31,-118,901,359.8596054,600,3.41929841,,
937,31,-117.8,937,362.9636366,600,3.410190821,,
973,31,-117.6,973,367.0023191,600,3.398357153,,
1009,31,-117.4,1009,371.9451941,600,3.383934498,,
1045,31,-117.2,1045,377.7567525,600,3.367079258,,
1081,31,-117,1081,384.3975764,600,3.347963095,,
1117,31,-116.8,1117,391.825481,600,3.32676506,,
1153,31,-116.6,1153,399.9965951,600,3.303667545,,
1189,31,-116.4,1189,408.8663344,600,3.27892518,,
1225,31,-116.2,1225,418.390239,250,3.658529043,,
1261,31,-116,1261,428.5246623,325,3.51149106,,
1297,31,-115.8,1297,439.2273117,475,3.307220459,,
1333,31,-115.6,1333,450.4576501,900,2.974068165,,
1369,31,-115.4,1369,462.1771744,900,2.943261147,,
1405,31,-115.2,1405,474.3495876,315,3.405113697,,
1441,31,-115,1441,486.9408858,683,3.009845257,,
1477,31,-114.8,1477,499.9193763,600,3.038854599,,
1513,31,-114.6,1513,513.2556433,600,3.00545454,,
1549,31,-114.4,1549,526.9224763,600,2.97163105,,
1585,31,-114.2,1585,540.8947719,600,2.937450171,,
1621,31,-114,1621,555.1494189,600,,,
2,31.2,-123,2,535.3872991,600,,,
38,31.2,-122.8,38,520.873695,600,,,
74,31.2,-122.6,74,506.6375591,600,3.031627178,,
110,31.2,-122.4,110,492.7029964,600,3.065762758,,
146,31.2,-122.2,146,479.0963733,600,3.099412918,,
182,31.2,-122,182,465.846477,600,3.132488251,,
218,31.2,-121.8,218,452.984661,600,3.164887428,,
254,31.2,-121.6,254,440.5449646,600,3.196496725,,
290,31.2,-121.4,290,428.5641935,600,3.227189541,,
326,31.2,-121.2,326,417.0819423,600,3.256825209,,
362,31.2,-121,362,406.1405377,600,3.28524971,,
398,31.2,-120.8,398,395.7848775,600,3.312628746,,
434,31.2,-120.6,434,386.0621388,600,3.340069056,,
470,31.2,-120.4,470,377.0213265,600,3.366287231,,
506,31.2,-120.2,506,368.7126398,600,3.39069581,,
542,31.2,-120,542,361.1866378,600,3.413082123,,
578,31.2,-119.8,578,354.4932016,600,3.433229446,,
614,31.2,-119.6,614,348.680306,600,3.450922966,,
650,31.2,-119.4,650,343.7926399,600,3.465958118,,
686,31.2,-119.2,686,339.8701406,600,3.478147745,,
722,31.2,-119,722,336.9465313,600,3.487329722,,
758,31.2,-118.8,758,335.0479724,600,3.493376494,,
794,31.2,-118.6,794,334.1919411,600,3.496201277,,
830,31.2,-118.4,830,334.3864473,600,3.495761871,,
866,31.2,-118.2,866,335.6296638,600,3.492065668,,
902,31.2,-118,902,337.9100114,600,3.485166311,,
938,31.2,-117.8,938,341.2066886,600,3.47516346,,
974,31.2,-117.6,974,345.4905918,600,3.462195158,,
1010,31.2,-117.4,1010,350.7255326,600,3.446430445,,
1046,31.2,-117.2,1046,356.8696429,600,3.428061962,,
1082,31.2,-117,1082,363.8768499,600,3.407296419,,
1118,31.2,-116.8,1118,371.6983198,600,3.384347677,,
1154,31.2,-116.6,1154,380.283787,600,3.359430313,,
1190,31.2,-116.4,1190,389.5827152,600,3.332753658,,
1226,31.2,-116.2,1226,399.5452608,653,3.264015198,,
1262,31.2,-116,1262,410.1230316,469,3.391682386,,
1298,31.2,-115.8,1298,421.2696503,597,3.246855736,,
1334,31.2,-115.6,1334,432.9411439,553,3.251727104,,
1370,31.2,-115.4,1370,445.096184,273,3.545387507,,
1406,31.2,-115.2,1406,457.696206,383,3.356725931,,
1442,31.2,-115,1442,470.7054338,377,3.330574274,,
1478,31.2,-114.8,1478,484.0908338,600,3.07835269,,
1514,31.2,-114.6,1514,497.8220175,600,3.043486118,,
1550,31.2,-114.4,1550,511.8711114,600,3.008289576,,
1586,31.2,-114.2,1586,526.2126048,600,2.972822428,,
1622,31.2,-114,1622,540.8231876,600,,,
3,31.4,-123,3,521.4716055,600,,,
39,31.4,-122.8,39,506.5922896,600,,,
75,31.4,-122.6,75,491.9753025,600,3.069636345,,
111,31.4,-122.4,111,477.6447833,600,3.105279207,,
147,31.4,-122.2,147,463.6273502,600,3.14051342,,
183,31.4,-122,183,449.9523175,600,3.175248623,,
219,31.4,-121.8,219,436.6519076,600,3.209381342,,
255,31.4,-121.6,255,423.7614461,600,3.242793322,,
291,31.4,-121.4,291,411.3195257,600,3.275350571,,
327,31.4,-121.2,327,399.3681166,600,3.306992531,,
363,31.4,-121,363,387.952599,600,3.337550402,,
399,31.4,-120.8,399,377.1216831,600,3.366742373,,
435,31.4,-120.6,435,366.9271817,600,3.395009041,,
471,31.4,-120.4,471,357.4235926,600,3.423200607,,
507,31.4,-120.2,507,348.6674523,600,3.44966507,,
543,31.4,-120,543,340.7164246,600,3.474039555,,
579,31.4,-119.8,579,333.6281061,600,3.496065378,,
615,31.4,-119.6,615,327.4585517,600,3.515483856,,
651,31.4,-119.4,651,322.2605564,600,3.532042742,,
687,31.4,-119.2,687,318.0817736,600,3.5455091,,
723,31.4,-119,723,314.9627886,600,3.555679083,,
759,31.4,-118.8,759,312.9353026,600,3.562390089,,
795,31.4,-118.6,795,312.0206013,600,3.565529823,,
831,31.4,-118.4,831,312.2284681,600,3.565044642,,
867,31.4,-118.2,867,313.5566696,600,3.560943365,,
903,31.4,-118,903,315.9910743,600,3.553296089,,
939,31.4,-117.8,939,319.5063891,600,3.542230845,,
975,31.4,-117.6,975,324.0674281,600,3.527924299,,
1011,31.4,-117.4,1011,329.6307699,600,3.5105896,,
1047,31.4,-117.2,1047,336.1466334,600,3.490464926,,
1083,31.4,-117,1083,343.5608045,600,3.46780014,,
1119,31.4,-116.8,1119,351.8164696,600,3.442850828,,
1155,31.4,-116.6,1155,360.8558496,600,3.415869474,,
1191,31.4,-116.4,1191,370.621574,565,3.416010857,,
1227,31.4,-116.2,1227,381.0577691,597,3.359170914,,
1263,31.4,-116,1263,392.1108682,635,3.297937632,,
1299,31.4,-115.8,1299,403.7301688,722,3.203935385,,
1335,31.4,-115.6,1335,415.868175,566,3.286448956,,
1371,31.4,-115.4,1371,428.4807659,651,3.185335875,,
1407,31.4,-115.2,1407,441.5272293,532,3.246109009,,
1443,31.4,-115,1443,454.9701977,281,3.505112648,,
1479,31.4,-114.8,1479,468.7755148,600,3.116673946,,
1515,31.4,-114.6,1515,482.9120582,600,3.080265522,,
1551,31.4,-114.4,1551,497.3515363,600,3.043675423,,
1587,31.4,-114.2,1587,512.0682732,600,3.006937504,,
1623,31.4,-114,1623,527.0389931,600,,,
4,31.6,-123,4,508.1411066,600,,,
40,31.6,-122.8,40,492.8933799,600,,,
76,31.6,-122.6,76,477.8908766,600,3.106729507,,
112,31.6,-122.4,112,463.1574838,600,3.143944979,,
148,31.6,-122.2,148,448.7197661,600,3.180843592,,
184,31.6,-122,184,434.6072461,600,3.217335939,,
220,31.6,-121.8,220,420.8526932,600,3.25331831,,
256,31.6,-121.6,256,407.4924096,600,3.288669586,,
292,31.6,-121.4,292,394.5664987,600,3.323437452,,
328,31.6,-121.2,328,382.1190921,600,3.357288599,,
364,31.6,-121,364,370.1985073,600,3.390022755,,
400,31.6,-120.8,400,358.8572933,600,3.421433449,,
436,31.6,-120.6,436,348.1521172,600,3.451298714,,
472,31.6,-120.4,472,338.1434331,600,3.480751038,,
508,31.6,-120.2,508,328.8948701,600,3.509564877,,
544,31.6,-120,544,320.4722791,600,3.536235809,,
580,31.6,-119.8,580,312.9423896,600,3.560455561,,
616,31.6,-119.6,616,306.3710584,600,3.581907988,,
652,31.6,-119.4,652,300.8211345,600,3.600281477,,
688,31.6,-119.2,688,296.3500294,600,3.61528182,,
724,31.6,-119,724,293.0071499,600,3.626648426,,
760,31.6,-118.8,760,290.8314152,600,3.63416934,,
796,31.6,-118.6,796,289.8491175,600,3.637696981,,
832,31.6,-118.4,832,290.072385,600,3.637160063,,
868,31.6,-118.2,868,291.4984467,600,3.632569313,,
904,31.6,-118,904,294.109802,600,3.624018431,,
940,31.6,-117.8,940,297.8752703,600,3.611677408,,
976,31.6,-117.6,976,302.7517786,600,3.595778465,,
1012,31.6,-117.4,1012,308.6866591,600,3.576596975,,
1048,31.6,-117.2,1048,315.6201922,600,3.554430008,,
1084,31.6,-117,1084,323.488146,600,3.529577255,,
1120,31.6,-116.8,1120,332.224111,600,3.502335787,,
1156,31.6,-116.6,1156,341.7615004,900,3.280664921,,
1192,31.6,-116.4,1192,352.0351504,601,3.441185951,,
1228,31.6,-116.2,1228,362.982515,673,3.354469538,,
1264,31.6,-116,1264,374.5444863,288,3.716045857,,
1300,31.6,-115.8,1300,386.665895,337,3.60885787,,
1336,31.6,-115.6,1336,399.2957545,900,3.111244679,,
1372,31.6,-115.4,1372,412.3873082,717,3.182140112,,
1408,31.6,-115.2,1408,425.8979376,412,3.40642643,,
1444,31.6,-115,1444,439.7889753,180,3.750421524,,
1480,31.6,-114.8,1480,454.0254586,600,3.153011322,,
1516,31.6,-114.6,1516,468.5758534,600,3.114969015,,
1552,31.6,-114.4,1552,483.4117647,600,3.077053785,,
1588,31.6,-114.2,1588,498.5076506,242,3.461396694,,
1624,31.6,-114,1624,513.8405468,240,,,
5,31.8,-123,5,495.4431323,600,,,
41,31.8,-122.8,41,479.8269534,600,,,
77,31.8,-122.6,77,464.4369518,600,3.142739296,,
113,31.8,-122.4,113,449.2964289,600,3.181586027,,
149,31.8,-122.2,149,434.4315271,600,3.220223665,,
185,31.8,-122,185,419.8715779,600,3.258566618,,
221,31.8,-121.8,221,405.6494753,600,3.296542645,,
257,31.8,-121.6,257,391.8020658,600,3.334193945,,
293,31.8,-121.4,293,378.370543,600,3.371185064,,
329,31.8,-121.2,329,365.4008229,600,3.407347679,,
365,31.8,-121,365,352.9438687,600,3.442486525,,
401,31.8,-120.8,401,341.0559183,600,3.476375818,,
437,31.8,-120.6,437,329.7985538,600,3.508759975,,
473,31.8,-120.4,473,319.2385344,600,3.539542198,,
509,31.8,-120.2,509,309.4473,600,3.570356846,,
545,31.8,-120,545,300.5000453,600,3.599696159,,
581,31.8,-119.8,581,292.4742705,600,3.626496792,,
617,31.8,-119.6,617,285.4477424,600,3.650372982,,
653,31.8,-119.4,653,279.4958609,600,3.670935631,,
689,31.8,-119.2,689,274.6885123,600,3.687809229,,
725,31.8,-119,725,271.0866116,600,3.700653791,,
761,31.8,-118.8,761,268.738646,600,3.709187508,,
797,31.8,-118.6,797,267.6776234,600,3.713209391,,
833,31.8,-118.4,833,267.9188378,600,3.712618351,,
869,31.8,-118.2,869,269.4587911,600,3.707427502,,
905,31.8,-118,905,272.2754423,600,3.697766542,,
941,31.8,-117.8,941,276.3297436,600,3.683870554,,
977,31.8,-117.6,977,281.5682232,600,3.666058302,,
1013,31.8,-117.4,1013,287.9262356,600,3.644701958,,
1049,31.8,-117.2,1049,295.3314624,600,3.620180845,,
1085,31.8,-117,1085,303.7072854,600,3.59283185,,
1121,31.8,-116.8,1121,312.9757605,600,3.562960625,,
1157,31.8,-116.6,1157,323.0600352,301,3.851449966,,
1193,31.8,-116.4,1193,333.8861646,836,3.339744806,,
1229,31.8,-116.2,1229,345.3843581,562,3.492842674,,
1265,31.8,-116,1265,357.4897337,599,3.426459312,,
1301,31.8,-115.8,1301,370.1426816,362,3.623665094,,
1337,31.8,-115.6,1337,383.2889336,403,3.534635544,,
1373,31.8,-115.4,1373,396.8794269,437,3.45707798,,
1409,31.8,-115.2,1409,410.8700342,402,3.454556227,,
1445,31.8,-115,1445,425.2212155,200,3.734200478,,
1481,31.8,-114.8,1481,439.897633,600,3.185514689,,
1517,31.8,-114.6,1517,454.8677556,396,3.340317488,,
1553,31.8,-114.4,1553,470.103474,294,3.438378334,,
1589,31.8,-114.2,1589,485.5797361,295,3.39993,,
1625,31.8,-114,1625,501.2742094,274,,,
6,32,-123,6,483.4276224,600,,,
42,32,-122.8,42,467.4461498,600,,,
78,32,-122.6,78,451.6699749,600,3.177477121,,
114,32,-122.4,114,436.1214381,600,3.218003035,,
150,32,-122.2,150,420.825832,600,3.258444786,,
186,32,-122,186,405.8118163,600,3.298765898,,
222,32,-121.8,222,391.1118792,600,3.33902359,,
258,32,-121.6,258,376.7628419,600,3.378907919,,
294,32,-121.4,294,362.8063964,600,3.41827631,,
330,32,-121.2,330,349.2896596,600,3.456957102,,
366,32,-121,366,336.2657122,600,3.494746208,,
402,32,-120.8,402,323.7940741,600,3.53140235,,
438,32,-120.6,438,311.9410457,600,3.566643238,,
474,32,-120.4,474,300.7798153,600,3.600146294,,
510,32,-120.2,510,290.3902049,600,3.632240534,,
546,32,-120,546,280.8578999,600,3.664410353,,
582,32,-119.8,582,272.2729944,600,3.694272041,,
618,32,-119.6,618,264.7277074,600,3.721069098,,
654,32,-119.4,654,258.3131847,600,3.74431324,,
690,32,-119.2,690,253.1154336,600,3.763521433,,
726,32,-119,726,249.2106191,600,3.778242827,,
762,32,-118.8,762,246.6601677,600,3.788090706,,
798,32,-118.6,798,245.5063022,600,3.792775869,,
834,32,-118.4,834,245.768698,600,3.792144299,,
870,32,-118.2,870,247.4428486,600,3.786205769,,
906,32,-118,906,250.5004446,600,3.775147438,,
942,32,-117.8,942,254.8916938,600,3.75931716,,
978,32,-117.6,978,260.549158,600,3.739182711,,
1014,32,-117.4,1014,267.3924581,600,3.715282917,,
1050,32,-117.2,1050,275.333164,600,3.68815136,,
1086,32,-117,1086,284.2793022,600,3.658106327,,
1122,32,-116.8,1122,294.1391164,411,3.803186894,,
1158,32,-116.6,1158,304.8239245,432,3.744599819,,
1194,32,-116.4,1194,316.2500811,554,3.590791941,,
1230,32,-116.2,1230,328.3401597,568,3.540933847,,
1266,32,-116,1266,341.0235134,574,3.497411251,,
1302,32,-115.8,1302,354.236378,702,3.36025548,,
1338,32,-115.6,1338,367.9216649,341,3.655131102,,
1374,32,-115.4,1374,382.0285601,254,3.744422913,,
1410,32,-115.2,1410,396.5120183,180,3.858426094,,
1446,32,-115,1446,411.332214,180,3.813030005,,
1482,32,-114.8,1482,426.4539904,240,3.634859324,,
1518,32,-114.6,1518,441.8463324,285,3.514301062,,
1554,32,-114.4,1554,457.4818775,296,3.458735704,,
1590,32,-114.2,1590,473.3364713,275,3.455292463,,
1626,32,-114,1626,489.3887699,286,,,
7,32.2,-123,7,472.1467805,600,,,
43,32.2,-122.8,43,455.8069427,600,,,
79,32.2,-122.6,79,439.6498992,600,3.210732698,,
115,32.2,-122.4,115,423.6966249,600,3.252970934,,
151,32.2,-122.2,151,407.9710868,600,3.29528904,,
187,32.2,-122,187,392.5007195,600,3.337826252,,
223,32.2,-121.8,223,377.3169713,600,3.380272627,,
259,32.2,-121.6,259,362.4559235,600,3.422519922,,
295,32.2,-121.4,295,347.9589832,600,3.46443224,,
331,32.2,-121.2,331,333.8736394,600,3.505841494,,
367,32.2,-121,367,320.2542597,600,3.546540499,,
403,32.2,-120.8,403,307.1628849,600,3.58627677,,
439,32.2,-120.6,439,294.6699479,600,3.6247468,,
475,32.2,-120.4,475,282.8548027,600,3.661590576,,
511,32.2,-120.2,511,271.8058983,600,3.696390867,,
547,32.2,-120,547,261.6203768,600,3.730345964,,
583,32.2,-119.8,583,252.4028224,600,3.763828754,,
619,32.2,-119.6,619,244.2628776,600,3.794187546,,
655,32.2,-119.4,655,237.3114876,600,3.820775747,,
691,32.2,-119.2,691,231.6557,600,3.842970848,,
727,32.2,-119,727,227.3922309,600,3.860168695,,
763,32.2,-118.8,763,224.600399,600,3.871821165,,
799,32.2,-118.6,799,223.3354107,600,3.877481937,,
835,32.2,-118.4,835,223.6231832,600,3.876876354,,
871,32.2,-118.2,871,225.4577697,600,3.86998415,,
907,32.2,-118,907,228.8019586,600,3.857093096,,
943,32.2,-117.8,943,233.5909106,600,3.838777542,,
979,32.2,-117.6,979,239.7380436,600,3.815801144,,
1015,32.2,-117.4,1015,247.1420114,600,3.788972855,,
1051,32.2,-117.2,1051,255.6936312,600,3.759223461,,
1087,32.2,-117,1087,265.2819096,600,3.727104425,,
1123,32.2,-116.8,1123,275.7987148,556,3.726748943,,
1159,32.2,-116.6,1159,287.1420046,600,3.650396824,,
1195,32.2,-116.4,1195,299.2177591,770,3.49084568,,
1231,32.2,-116.2,1231,311.9408836,478,3.677671433,,
1267,32.2,-116,1267,325.2353685,314,3.830069304,,
1303,32.2,-115.8,1303,339.0339606,649,3.446974039,,
1339,32.2,-115.6,1339,353.277548,198,3.944236994,,
1375,32.2,-115.4,1375,367.9144022,452,3.513808489,,
1411,32.2,-115.2,1411,382.8993759,180,3.881608725,,
1447,32.2,-115,1447,398.1931175,180,3.826817274,,
1483,32.2,-114.8,1483,413.761337,207,3.707774401,,
1519,32.2,-114.6,1519,429.5741394,241,3.594339609,,
1555,32.2,-114.4,1555,445.6054328,338,3.40540719,,
1591,32.2,-114.2,1591,461.8324091,237,3.54061389,,
1627,32.2,-114,1627,478.2350932,267,,,
8,32.4,-123,8,461.6545659,600,,,
44,32.4,-122.8,44,444.9676343,600,,,
80,32.4,-122.6,80,428.4397009,600,3.242274761,,
116,32.4,-122.4,116,412.0899619,600,3.286238432,,
152,32.4,-122.2,152,395.9405564,600,3.330648899,,
188,32.4,-122,188,380.017089,600,3.375261545,,
224,32.4,-121.8,224,364.3492464,600,3.419975519,,
260,32.4,-121.6,260,348.9715222,600,3.464698076,,
296,32.4,-121.4,296,333.9240606,600,3.509308577,,
332,32.4,-121.2,332,319.2536231,600,3.553650379,,
368,32.4,-121,368,305.0146743,600,3.597522974,,
404,32.4,-120.8,404,291.2705577,600,3.640671969,,
440,32.4,-120.6,440,278.0947049,600,3.682780266,,
476,32.4,-120.4,476,265.5717613,600,3.723457336,,
512,32.4,-120.2,512,253.7984424,600,3.762233019,,
548,32.4,-120,548,242.8838286,600,3.798691273,,
584,32.4,-119.8,584,232.9486958,600,3.835139275,,
620,32.4,-119.6,620,224.1233784,600,3.869890451,,
656,32.4,-119.4,656,216.5436461,600,3.900728464,,
692,32.4,-119.2,692,210.3442248,600,3.926866055,,
728,32.4,-119,728,205.6500065,600,3.947505713,,
764,32.4,-118.8,764,202.5656799,600,3.961855412,,
800,32.4,-118.6,800,201.1653201,600,3.969159365,,
836,32.4,-118.4,836,201.4840472,600,3.96882391,,
872,32.4,-118.2,872,203.5137833,600,3.960674524,,
908,32.4,-118,908,207.204245,600,3.945178509,,
944,32.4,-117.8,944,212.4688993,600,3.923435211,,
980,32.4,-117.6,980,219.1943291,600,3.896999598,,
1016,32.4,-117.4,1016,227.2508542,600,3.867130756,,
1052,32.4,-117.2,1052,236.5024533,600,3.832893133,,
1088,32.4,-117,1088,246.8147426,419,3.972924471,,
1124,32.4,-116.8,1124,258.0605601,642,3.733576536,,
1160,32.4,-116.6,1160,270.1232979,438,3.858130455,,
1196,32.4,-116.4,1196,282.8984339,568,3.689903975,,
1232,32.4,-116.2,1232,296.2937904,387,3.830737591,,
1268,32.4,-116,1268,310.2289905,367,3.819722176,,
1304,32.4,-115.8,1304,324.634474,401,3.733339071,,
1340,32.4,-115.6,1340,339.4503235,184,4.024294376,,
1376,32.4,-115.4,1376,354.6250578,403,3.589156151,,
1412,32.4,-115.2,1412,370.1144841,217,3.79890275,,
1448,32.4,-115,1448,385.8806553,197,3.770529747,,
1484,32.4,-114.8,1484,401.8909479,221,3.64256382,,
1520,32.4,-114.6,1520,418.1172642,200,3.636716604,,
1556,32.4,-114.4,1556,434.5353484,249,3.522398472,,
1592,32.4,-114.2,1592,451.1242064,296,3.437854767,,
1628,32.4,-114,1628,467.8656156,259,,,
9,32.6,-123,9,452.0060025,600,,,
45,32.6,-122.8,45,434.9881322,600,,,
81,32.6,-122.6,81,418.1046391,600,3.271852493,,
117,32.6,-122.4,117,401.3725472,600,3.317682505,,
153,32.6,-122.2,153,384.8116725,600,3.36402607,,
189,32.6,-122,189,368.4451686,600,3.410736799,,
225,32.6,-121.8,225,352.3001905,600,3.457767487,,
261,32.6,-121.6,261,336.4086981,600,3.505049229,,
297,32.6,-121.4,297,320.8084266,600,3.552485943,,
333,32.6,-121.2,333,305.5440481,600,3.599944115,,
369,32.6,-121,369,290.6685464,600,3.647243261,,
405,32.6,-120.8,405,276.2448098,600,3.69414258,,
441,32.6,-120.6,441,262.3474199,600,3.740325451,,
477,32.6,-120.4,477,249.0645558,600,3.785383701,,
513,32.6,-120.2,513,236.4998366,600,3.828803301,,
549,32.6,-120,549,224.7737763,600,3.869957209,,
585,32.6,-119.8,585,214.0243127,600,3.90883708,,
621,32.6,-119.6,621,204.4056208,600,3.948234797,,
657,32.6,-119.4,657,196.0842155,600,3.98455739,,
693,32.6,-119.2,693,189.2313504,600,4.016059399,,
729,32.6,-119,729,184.0111976,600,4.041766644,,
765,32.6,-118.8,765,180.5654378,600,4.06059742,,
801,32.6,-118.6,801,178.9965868,600,4.071185112,,
837,32.6,-118.4,837,179.3539104,600,4.071969032,,
873,32.6,-118.2,873,181.6260394,600,4.062075615,,
909,32.6,-118,909,185.7427093,600,4.042338371,,
945,32.6,-117.8,945,191.585039,600,4.015057564,,
981,32.6,-117.6,981,199.0010789,600,3.983641148,,
1017,32.6,-117.4,1017,207.8224003,600,3.953390837,,
1053,32.6,-117.2,1053,217.8783511,600,3.944323778,,
1089,32.6,-117,1089,229.0063122,464,4.16798687,,
1125,32.6,-116.8,1125,241.0578295,762,3.750505686,,
1161,32.6,-116.6,1161,253.901385,520,3.802201033,,
1197,32.6,-116.4,1197,267.4228412,327,3.983403921,,
1233,32.6,-116.2,1233,281.5244913,328,3.965985298,,
1269,32.6,-116,1269,296.1234105,618,3.655768156,,
1305,32.6,-115.8,1305,311.1495621,395,3.842406988,,
1341,32.6,-115.6,1341,326.5439215,180,4.105953217,,
1377,32.6,-115.4,1377,342.2567545,203,3.888378382,,
1413,32.6,-115.2,1413,358.2461042,201,3.802312374,,
1449,32.6,-115,1449,374.4764968,213,3.692477942,,
1485,32.6,-114.8,1485,390.917854,215,3.533242464,,
1521,32.6,-114.6,1521,407.5445868,216,3.399010181,,
1557,32.6,-114.4,1557,424.3348473,283,3.383619309,,
1593,32.6,-114.2,1593,441.2699107,302,3.416112661,,
1629,32.6,-114,1629,458.3336669,346,,,
10,32.8,-123,10,443.2562911,600,,,
46,32.8,-122.8,46,425.9289858,600,,,
82,32.8,-122.6,82,408.7112215,600,3.299243212,,
118,32.8,-122.4,118,391.6175148,600,3.346870899,,
154,32.8,-122.2,154,374.6649141,600,3.395084143,,
190,32.8,-122,190,357.8735403,600,3.443877697,,
226,32.8,-121.8,226,341.2672596,600,3.493233442,,
262,32.8,-121.6,262,324.8745235,600,3.543115377,,
298,32.8,-121.4,298,308.7294155,600,3.593463182,,
334,32.8,-121.2,334,292.8729562,600,3.644181728,,
370,32.8,-121,370,277.3547204,600,3.695128918,,
406,32.8,-120.8,406,262.2348227,600,3.746097803,,
442,32.8,-120.6,442,247.5863136,600,3.796795607,,
478,32.8,-120.4,478,233.4979872,600,3.846819401,,
514,32.8,-120.2,514,220.0775079,600,3.895632029,,
550,32.8,-120,550,207.454582,600,3.942543745,,
586,32.8,-119.8,586,195.7835859,600,3.98671031,,
622,32.8,-119.6,622,185.2445778,600,4.02928257,,
658,32.8,-119.4,658,176.0410233,600,4.072433949,,
694,32.8,-119.2,694,168.3920712,600,4.111326695,,
730,32.8,-119,730,162.5174042,600,4.144770145,,
766,32.8,-118.8,766,158.6143128,600,4.171727181,,
802,32.8,-118.6,802,156.8300829,600,4.189998627,,
838,32.8,-118.4,838,157.2368686,600,4.194945812,,
874,32.8,-118.2,874,159.8179388,600,4.182302952,,
910,32.8,-118,910,164.4709519,600,4.154352665,,
946,32.8,-117.8,946,171.0268651,600,4.117156982,,
982,32.8,-117.6,982,179.2770178,600,4.074236393,,
1018,32.8,-117.4,1018,188.9996425,600,4.044863224,,
1054,32.8,-117.2,1054,199.9800554,453,3.898584604,,
1090,32.8,-117,1090,212.022891,446,4.590081215,,
1126,32.8,-116.8,1126,224.9575464,660,3.733469725,,
1162,32.8,-116.6,1162,238.639007,680,3.638544798,,
1198,32.8,-116.4,1198,252.9460748,690,3.649924517,,
1234,32.8,-116.2,1234,267.7784434,703,3.658848524,,
1270,32.8,-116,1270,283.053495,563,3.85071826,,
1306,32.8,-115.8,1306,298.7032712,235,4.179461002,,
1342,32.8,-115.6,1342,314.6718141,220,4.117826462,,
1378,32.8,-115.4,1378,330.9129246,268,3.483161449,,
1414,32.8,-115.2,1414,347.3883195,242,3.73007226,,
1450,32.8,-115,1450,364.0661362,374,3.429210663,,
1486,32.8,-114.8,1486,380.91973,367,3.274103165,,
1522,32.8,-114.6,1522,397.9267083,300,3.020652771,,
1558,32.8,-114.4,1558,415.068158,560,3.046138763,,
1594,32.8,-114.2,1594,432.3280244,414,3.282703638,,
1630,32.8,-114,1630,449.6926121,321,,,
11,33,-123,11,435.4597246,600,,,
47,33,-122.8,47,417.8501721,600,,,
83,33,-122.6,83,400.3258558,600,3.324224949,,
119,33,-122.4,119,382.898549,600,3.373454809,,
155,33,-122.2,155,365.5821952,600,3.423463583,,
191,33,-122,191,348.3934085,600,3.474276781,,
227,33,-121.8,227,331.3521112,600,3.525912285,,
263,33,-121.6,263,314.4823499,600,3.578376293,,
299,33,-121.4,299,297.8133443,600,3.6316576,,
335,33,-121.2,335,281.3808431,600,3.685716867,,
371,33,-121,371,265.2288752,600,3.740472555,,
407,33,-120.8,407,249.412015,600,3.795779228,,
443,33,-120.6,443,233.9982912,600,3.851400614,,
479,33,-120.4,479,219.0728763,600,3.90697217,,
515,33,-120.2,515,204.742651,600,3.961965561,,
551,33,-120,551,191.1415886,600,4.015657425,,
587,33,-119.8,587,178.4365617,600,4.067119598,,
623,33,-119.6,623,166.8324598,600,4.115291119,,
659,33,-119.4,659,156.574299,600,4.16388607,,
695,33,-119.2,695,147.942365,600,4.212684155,,
731,33,-119,731,141.2351804,600,4.25747633,,
767,33,-118.8,767,136.736304,600,4.298899651,,
803,33,-118.6,803,134.6672566,600,4.336647034,,
839,33,-118.4,839,135.1396971,600,4.358623982,,
875,33,-118.2,875,138.1275482,600,4.339045525,,
911,33,-118,911,143.4737346,600,4.289707661,,
947,33,-117.8,947,150.9278333,600,4.238665581,,
983,33,-117.6,983,160.195838,600,4.18362093,,
1019,33,-117.4,1019,170.9830068,600,4.052891254,,
1055,33,-117.2,1055,183.0208837,316,4.438337803,,
1091,33,-117,1091,196.0792094,669,4.033123016,,
1127,33,-116.8,1127,209.9676347,605,3.748565435,,
1163,33,-116.6,1163,224.5321282,710,3.529225349,,
1199,33,-116.4,1199,239.6494097,548,3.639005899,,
1235,33,-116.2,1235,255.2212186,433,3.859978437,,
1271,33,-116,1271,271.1692099,689,3.730053902,,
1307,33,-115.8,1307,287.4307186,442,4.093780041,,
1343,33,-115.6,1343,303.9553741,228,4.196117878,,
1379,33,-115.4,1379,320.7024448,229,3.905040979,,
1415,33,-115.2,1415,337.6387788,249,3.815124989,,
1451,33,-115,1451,354.7372101,422,3.549705505,,
1487,33,-114.8,1487,371.9753269,399,3.433805943,,
1523,33,-114.6,1523,389.3345153,345,3.381339073,,
1559,33,-114.4,1559,406.7992156,318,3.430182934,,
1595,33,-114.2,1595,424.3563394,358,3.394888163,,
1631,33,-114,1631,441.9948112,694,,,
12,33.2,-123,12,428.6684226,600,,,
48,33.2,-122.8,48,410.8096459,600,,,
84,33.2,-122.6,84,393.0131904,600,3.346398115,,
120,33.2,-122.4,120,375.2879939,600,3.397107601,,
156,33.2,-122.2,156,357.6447229,600,3.44878912,,
192,33.2,-122,192,340.0961994,600,3.501502037,,
228,33.2,-121.8,228,322.6579543,600,3.555306196,,
264,33.2,-121.6,264,305.3489531,600,3.610259771,,
300,33.2,-121.4,300,288.1925548,600,3.666413307,,
336,33.2,-121.2,336,271.2177912,600,3.723803043,,
372,33.2,-121,372,254.4610847,600,3.782434702,,
408,33.2,-120.8,408,237.9685732,600,3.842260361,,
444,33.2,-120.6,444,221.7992682,600,3.903138399,,
480,33.2,-120.4,480,206.0293479,600,3.964782476,,
516,33.2,-120.2,516,190.7579555,600,4.026705742,,
552,33.2,-120,552,176.1148895,600,4.088181019,,
588,33.2,-119.8,588,162.2703994,600,4.148240089,,
624,33.2,-119.6,624,149.4466453,600,4.205711365,,
660,33.2,-119.4,660,137.9286815,600,4.260009289,,
696,33.2,-119.2,696,128.0693525,600,4.318324566,,
732,33.2,-119,732,120.2772766,600,4.377273083,,
768,33.2,-118.8,768,114.9735669,600,4.437834263,,
804,33.2,-118.6,804,112.5106982,600,4.515689373,,
840,33.2,-118.4,840,113.074461,600,4.639953613,,
876,33.2,-118.2,876,116.6209679,600,4.572045803,,
912,33.2,-118,912,122.8922432,600,4.44073534,,
948,33.2,-117.8,948,131.4990036,600,4.379089356,,
984,33.2,-117.6,984,142.0172365,600,4.362451077,,
1020,33.2,-117.4,1020,154.0558834,600,4.754598141,,
1056,33.2,-117.2,1056,167.2869802,708,4.682250023,,
1092,33.2,-117,1092,181.4498145,649,4.252472878,,
1128,33.2,-116.8,1128,196.3428148,710,3.898168087,,
1164,33.2,-116.6,1164,211.8119683,685,3.697673082,,
1200,33.2,-116.4,1200,227.7398481,709,3.653571844,,
1236,33.2,-116.2,1236,244.0365958,511,3.832623005,,
1272,33.2,-116,1272,260.6329722,465,3.955067873,,
1308,33.2,-115.8,1308,277.4751613,600,3.915449143,,
1344,33.2,-115.6,1344,294.5209381,248,4.467284679,,
1380,33.2,-115.4,1380,311.7368491,294,4.079720497,,
1416,33.2,-115.2,1416,329.0961353,710,3.420147657,,
1452,33.2,-115,1452,346.5771929,442,3.60813427,,
1488,33.2,-114.8,1488,364.1624252,480,3.365005016,,
1524,33.2,-114.6,1524,381.8373778,415,3.381263256,,
1560,33.2,-114.4,1560,399.5900832,361,3.435237646,,
1596,33.2,-114.2,1596,417.4105584,516,3.264681101,,
1632,33.2,-114,1632,435.2904173,302,,,
13,33.4,-123,13,422.9309259,600,,,
49,33.4,-122.8,49,404.8616946,600,,,
85,33.4,-122.6,85,386.8341867,600,3.365483046,,
121,33.4,-122.4,121,368.8545929,600,3.417505264,,
157,33.4,-122.2,157,350.9303511,600,3.470683098,,
193,33.4,-122,193,333.0704707,600,3.525112152,,
229,33.4,-121.8,229,315.2859629,600,3.580899,,
265,33.4,-121.6,265,297.5904141,600,3.638160229,,
301,33.4,-121.4,301,280.0007643,600,3.697022915,,
337,33.4,-121.2,337,262.5383724,600,3.757619381,,
373,33.4,-121,373,245.2304984,600,3.820075989,,
409,33.4,-120.8,409,228.1123896,600,3.884486198,,
445,33.4,-120.6,445,211.230259,600,3.95085454,,
481,33.4,-120.4,481,194.6455894,600,4.019009113,,
517,33.4,-120.2,517,178.4414109,600,4.088496685,,
553,33.4,-120,553,162.731497,600,4.158530235,,
589,33.4,-119.8,589,147.673744,600,4.228089333,,
625,33.4,-119.6,625,133.4890946,600,4.296174526,,
661,33.4,-119.4,661,120.4863741,600,4.361742973,,
697,33.4,-119.2,697,109.0890967,600,4.426048756,,
733,33.4,-119,733,99.84859653,600,4.498224258,,
769,33.4,-118.8,769,93.40721224,600,4.696913719,,
805,33.4,-118.6,805,90.36554049,600,4.825601578,,
841,33.4,-118.4,841,91.06489537,715,4.729985237,,
877,33.4,-118.2,877,95.42305593,600,4.693306923,,
913,33.4,-118,913,102.9765077,600,4.525753021,,
949,33.4,-117.8,949,113.0867549,600,4.503067017,,
985,33.4,-117.6,985,125.1355679,413,4.88645649,,
1021,33.4,-117.4,1021,138.6183211,520,4.554219723,,
1057,33.4,-117.2,1057,153.1567383,700,4.621213913,,
1093,33.4,-117,1093,168.4777048,705,4.147524357,,
1129,33.4,-116.8,1129,184.3862032,652,3.926178455,,
1165,33.4,-116.6,1165,200.7425466,692,3.790095568,,
1201,33.4,-116.4,1201,217.4456426,694,3.795690537,,
1237,33.4,-116.2,1237,234.421326,659,3.836104393,,
1273,33.4,-116,1273,251.6143731,600,3.995829105,,
1309,33.4,-115.8,1309,268.9830477,347,4.418762684,,
1345,33.4,-115.6,1345,286.4953501,352,4.303090572,,
1381,33.4,-115.4,1381,304.1264096,447,3.988730192,,
1417,33.4,-115.2,1417,321.8566494,437,3.804404497,,
1453,33.4,-115,1453,339.6704771,442,3.639844179,,
1489,33.4,-114.8,1489,357.5553372,401,3.392243385,,
1525,33.4,-114.6,1525,375.5010176,304,3.469590426,,
1561,33.4,-114.4,1561,393.4991339,336,3.47153163,,
1597,33.4,-114.2,1597,411.5427432,316,3.50705123,,
1633,33.4,-114,1633,429.6260496,525,,,
14,33.6,-123,14,418.2907138,600,,,
50,33.6,-122.8,50,400.0551722,600,,,
86,33.6,-122.6,86,381.8440072,600,3.381216049,,
122,33.6,-122.4,122,363.6609556,600,3.434339047,,
158,33.6,-122.2,158,345.5105304,600,3.488781691,,
194,33.6,-122,194,327.3982325,600,3.544676542,,
230,33.6,-121.8,230,309.3308342,600,3.602178574,,
266,33.6,-121.6,266,291.3167646,600,3.661469936,,
302,33.6,-121.4,302,273.3666417,600,3.722765446,,
338,33.6,-121.2,338,255.4940191,600,3.786318064,,
374,33.6,-121,374,237.7164534,600,3.852417469,,
410,33.6,-120.8,410,220.0570592,600,3.921369553,,
446,33.6,-120.6,446,202.5468237,600,3.993415117,,
482,33.6,-120.4,482,185.2281287,600,4.068550587,,
518,33.6,-120.2,518,168.1602404,600,4.146257877,,
554,33.6,-120,554,151.4280656,600,4.22530508,,
590,33.6,-119.8,590,135.1564194,600,4.304020882,,
626,33.6,-119.6,626,119.5335941,600,4.381679535,,
662,33.6,-119.4,662,104.85009,600,4.46029377,,
698,33.6,-119.2,698,91.55901901,600,4.673532009,,
734,33.6,-119,734,80.35438874,600,4.843966007,,
770,33.6,-118.8,770,72.2140579,600,5.006995201,,
806,33.6,-118.6,806,68.24357682,600,5.08801508,,
842,33.6,-118.4,842,69.16485206,600,5.032816887,,
878,33.6,-118.2,878,74.79734373,600,4.84190321,,
914,33.6,-118,914,84.20083318,600,4.544907093,,
950,33.6,-117.8,950,96.27660218,466,5.077889442,,
986,33.6,-117.6,986,110.149198,430,5.029839993,,
1022,33.6,-117.4,1022,125.2228196,703,4.676859379,,
1058,33.6,-117.2,1058,141.1130639,643,4.59319973,,
1094,33.6,-117,1094,157.5730199,642,4.022243023,,
1130,33.6,-116.8,1130,174.4414379,662,3.928272009,,
1166,33.6,-116.6,1166,191.610416,453,4.145284176,,
1202,33.6,-116.4,1202,209.0058411,680,3.955495119,,
1238,33.6,-116.2,1238,226.575504,228,4.402990818,,
1274,33.6,-116,1274,244.2817528,461,4.281070709,,
1310,33.6,-115.8,1310,262.0968469,710,3.899469614,,
1346,33.6,-115.6,1346,279.99995,447,4.101210117,,
1382,33.6,-115.4,1382,297.9751374,710,3.632271528,,
1418,33.6,-115.2,1418,316.010046,352,3.845244885,,
1454,33.6,-115,1454,334.0949415,295,3.712975979,,
1490,33.6,-114.8,1490,352.2220611,311,3.607432365,,
1526,33.6,-114.6,1526,370.3851413,222,3.745677471,,
1562,33.6,-114.4,1562,388.5790755,493,3.270704508,,
1598,33.6,-114.2,1598,406.7996595,307,3.528207302,,
1634,33.6,-114,1634,425.0434012,900,,,
15,33.8,-123,15,414.7847285,600,,,
51,33.8,-122.8,51,396.4317182,600,,,
87,33.8,-122.6,87,378.0898524,600,3.393362284,,
123,33.8,-122.4,123,359.7609111,600,3.447330236,,
159,33.8,-122.2,159,341.4470512,600,3.502752543,,
195,33.8,-122,195,323.1509127,600,3.559796095,,
231,33.8,-121.8,231,304.8757622,600,3.618665218,,
267,33.8,-121.6,267,286.6256907,600,3.679612398,,
303,33.8,-121.4,303,268.4058907,600,3.742952824,,
339,33.8,-121.2,339,250.223052,600,3.809084892,,
375,33.8,-121,375,232.0859393,600,3.878519774,,
411,33.8,-120.8,411,214.0062569,600,3.951904535,,
447,33.8,-120.6,447,195.9999767,600,4.029947281,,
483,33.8,-120.4,483,178.0894435,600,4.113056183,,
519,33.8,-120.2,519,160.306833,600,4.200567722,,
555,33.8,-120,555,142.7000568,600,4.289848328,,
591,33.8,-119.8,591,125.3433156,600,4.376055718,,
627,33.8,-119.6,627,108.3569107,600,4.454119206,,
663,33.8,-119.4,663,91.94640471,600,4.691573143,,
699,33.8,-119.2,699,76.48348198,600,4.939789295,,
735,33.8,-119,735,62.67355947,600,5.169334412,,
771,33.8,-118.8,771,51.8546506,600,5.371680737,,
807,33.8,-118.6,807,46.17918292,600,5.586843967,,
843,33.8,-118.4,843,47.52697776,253,6.009242535,,
879,33.8,-118.2,879,55.38767325,228,5.803442001,,
915,33.8,-118,915,67.52374434,228,5.917595863,,
951,33.8,-117.8,951,82.05969191,464,5.096309185,,
987,33.8,-117.6,987,97.93261468,703,4.722220898,,
1023,33.8,-117.4,1023,114.5882067,615,4.67583704,,
1059,33.8,-117.2,1059,131.7298744,254,4.577004433,,
1095,33.8,-117,1095,149.1901104,278,5.263596058,,
1131,33.8,-116.8,1131,166.8688888,694,4.128915787,,
1167,33.8,-116.6,1167,184.7034099,699,3.846799374,,
1203,33.8,-116.4,1203,202.6525001,331,4.36880064,,
1239,33.8,-116.2,1239,220.6881466,368,4.339089394,,
1275,33.8,-116,1275,238.7906767,710,3.869821072,,
1311,33.8,-115.8,1311,256.9458927,361,4.132312775,,
1347,33.8,-115.6,1347,275.143303,455,3.987542152,,
1383,33.8,-115.4,1383,293.3749932,313,3.948758602,,
1419,33.8,-115.2,1419,311.6348833,253,3.84496522,,
1455,33.8,-115,1455,329.9182272,418,3.711516619,,
1491,33.8,-114.8,1491,348.2212664,400,3.623209953,,
1527,33.8,-114.6,1527,366.5409857,491,3.344229698,,
1563,33.8,-114.4,1563,384.8749384,485,3.357040405,,
1599,33.8,-114.2,1599,403.2211178,292,3.559716463,,
1635,33.8,-114,1635,421.5778621,349,,,
16,34,-123,16,412.4420113,600,,,
52,34,-122.8,52,394.0240938,600,,,
88,34,-122.6,88,375.6089128,600,3.401726484,,
124,34,-122.4,124,357.1969676,600,3.456244707,,
160,34,-122.2,160,338.7888623,600,3.512310982,,
196,34,-122,196,320.3853354,600,3.570122957,,
232,34,-121.8,232,301.9873011,600,3.629933357,,
268,34,-121.6,268,283.5959057,600,3.69207263,,
304,34,-121.4,304,265.2126083,600,3.756973743,,
340,34,-121.2,340,246.8392965,600,3.825206757,,
376,34,-121,376,228.4784582,600,3.897547722,,
412,34,-120.8,412,210.1334429,600,3.975156546,,
448,34,-120.6,448,191.8088711,600,4.05977726,,
484,34,-120.4,484,173.5113012,600,4.153256893,,
520,34,-120.2,520,155.2503634,428,4.47082901,,
556,34,-120,556,137.0407863,600,4.36131525,,
592,34,-119.8,592,118.9062544,710,4.380087853,,
628,34,-119.6,628,100.8873324,385,5.151199341,,
664,34,-119.4,664,83.05938691,600,4.888611317,,
700,34,-119.2,700,65.57845429,600,5.185289383,,
736,34,-119,736,48.81884402,600,5.680529594,,
772,34,-118.8,772,33.86896355,600,6.089702129,,
808,34,-118.6,808,24.33145873,600,6.39241457,,
844,34,-118.4,844,26.79591824,296,7.007376194,,
880,34,-118.2,880,39.0526601,293,6.793110848,,
916,34,-118,916,54.89338641,576,5.983436108,,
952,34,-117.8,952,71.98983514,412,5.742589474,,
988,34,-117.6,988,89.62622064,294,5.806192875,,
1024,34,-117.4,1024,107.5371663,336,5.482928276,,
1060,34,-117.2,1060,125.6052187,491,4.803603649,,
1096,34,-117,1096,143.7711021,696,3.89957428,,
1132,34,-116.8,1132,162.0018513,695,4.012756825,,
1168,34,-116.6,1168,180.2777294,431,4.465727329,,
1204,34,-116.4,1204,198.5862168,707,3.862098694,,
1240,34,-116.2,1240,216.9189955,418,4.226089001,,
1276,34,-116,1276,235.270325,710,3.914157629,,
1312,34,-115.8,1312,253.6361159,679,3.777924538,,
1348,34,-115.6,1348,272.0133759,467,3.84722805,,
1384,34,-115.4,1384,290.3998637,419,3.713014841,,
1420,34,-115.2,1420,308.7938669,454,3.802355528,,
1456,34,-115,1456,327.1940533,384,3.752153158,,
1492,34,-114.8,1492,345.5993703,248,3.685221434,,
1528,34,-114.6,1528,364.0089745,493,3.445841312,,
1564,34,-114.4,1564,382.4221812,194,3.752566576,,
1600,34,-114.2,1600,400.8384281,396,3.372947693,,
1636,34,-114,1636,419.2572486,300,,,
17,34.2,-123,17,411.2825576,600,,,
53,34.2,-122.8,53,392.8547753,600,,,
89,34.2,-122.6,89,374.426626,600,3.406163454,,
125,34.2,-122.4,125,355.9981293,600,3.460904121,,
161,34.2,-122.2,161,337.5693052,600,3.517232657,,
197,34.2,-122,197,319.1401742,600,3.575368166,,
233,34.2,-121.8,233,300.7107576,600,3.635609627,,
269,34.2,-121.6,269,282.2810773,600,3.698382616,,
305,34.2,-121.4,305,263.8511566,600,3.764287949,,
341,34.2,-121.2,341,245.4210204,600,3.834125042,,
377,34.2,-121,377,226.9906959,600,3.908879757,,
413,34.2,-120.8,413,208.5602136,600,3.990033627,,
449,34.2,-120.6,449,190.1296089,600,4.081098557,,
485,34.2,-120.4,485,171.6989248,600,4.188774109,,
521,34.2,-120.2,521,153.2682167,600,4.317682743,,
557,34.2,-120,557,134.83756,600,4.461279869,,
593,34.2,-119.8,593,116.4070672,600,4.589490414,,
629,34.2,-119.6,629,97.97692172,600,4.876847744,,
665,34.2,-119.4,665,79.54746062,600,5.170008183,,
701,34.2,-119.2,701,61.11940607,228,6.332936287,,
737,34.2,-119,737,42.69469633,414,6.678023815,,
773,34.2,-118.8,773,24.28109856,498,7.10666132,,
809,34.2,-118.6,809,5.982516635,294,8.298854828,,
845,34.2,-118.4,845,12.708088,294,7.652864456,,
881,34.2,-118.2,881,31.09157843,429,6.312026978,,
917,34.2,-118,917,49.51120733,666,5.871949673,,
953,34.2,-117.8,953,67.93754476,705,4.984534264,,
989,34.2,-117.6,989,86.36624877,707,4.64218235,,
1025,34.2,-117.4,1025,104.7960186,668,4.589686394,,
1061,34.2,-117.2,1061,123.226321,526,5.10889101,,
1097,34.2,-117,1097,141.6568909,672,4.525661469,,
1133,34.2,-116.8,1133,160.0875773,581,4.256669045,,
1169,34.2,-116.6,1169,178.518284,702,4.121109486,,
1205,34.2,-116.4,1205,196.9489443,447,4.360905647,,
1241,34.2,-116.2,1241,215.3795083,404,4.218476296,,
1277,34.2,-116,1277,233.8099361,294,4.332134724,,
1313,34.2,-115.8,1313,252.2401943,352,4.053958893,,
1349,34.2,-115.6,1349,270.6702537,352,3.929316044,,
1385,34.2,-115.4,1385,289.1000883,352,3.849555254,,
1421,34.2,-115.2,1421,307.5296737,461,3.53930974,,
1457,34.2,-115,1457,325.9589871,352,3.740398884,,
1493,34.2,-114.8,1493,344.388007,703,3.332417965,,
1529,34.2,-114.6,1529,362.8167123,399,3.599693298,,
1565,34.2,-114.4,1565,381.2450828,418,3.364685535,,
1601,34.2,-114.2,1601,399.6730986,484,3.209700108,,
1637,34.2,-114,1637,418.1007401,610,,,
18,34.4,-123,18,411.3164907,600,,,
54,34.4,-122.8,54,392.9349402,600,,,
90,34.4,-122.6,90,374.5554182,600,3.406587124,,
126,34.4,-122.4,126,356.1783155,600,3.461195707,,
162,34.4,-122.2,162,337.804104,600,3.51736021,,
198,34.4,-122,198,319.43336,600,3.575297117,,
234,34.4,-121.8,234,301.066796,600,3.635332346,,
270,34.4,-121.6,270,282.7053049,600,3.697998524,,
306,34.4,-121.4,306,264.3500221,600,3.764187813,,
342,34.4,-121.2,342,246.0024165,600,3.835243464,,
378,34.4,-121,378,227.6644239,600,3.912556887,,
414,34.4,-120.8,414,209.3386509,600,3.996144772,,
450,34.4,-120.6,450,191.0286955,600,4.086962223,,
486,34.4,-120.4,486,172.7396699,600,4.20819521,,
522,34.4,-120.2,522,154.4790912,600,4.383349419,,
558,34.4,-120,558,136.258482,600,4.631289482,,
594,34.4,-119.8,594,118.0964304,600,4.703244686,,
630,34.4,-119.6,630,100.024929,600,4.873817921,,
666,34.4,-119.4,666,82.10388421,464,5.078312397,,
702,34.4,-119.2,702,64.45900759,385,5.711871624,,
738,34.4,-119,738,47.39983123,420,6.469357491,,
774,34.4,-118.8,774,31.88096943,294,7.454474449,,
810,34.4,-118.6,810,21.53891954,511,8.422647476,,
846,34.4,-118.4,846,24.27617493,508,7.622343063,,
882,34.4,-118.2,882,37.31780498,622,5.956522465,,
918,34.4,-118,918,53.60764539,638,5.186181068,,
954,34.4,-117.8,954,70.94230165,725,4.750556946,,
990,34.4,-117.6,990,88.71133956,472,5.409849644,,
1026,34.4,-117.4,1026,106.6979076,383,5.592403889,,
1062,34.4,-117.2,1062,124.8079392,585,4.714443684,,
1098,34.4,-117,1098,142.994476,373,5.118605614,,
1134,34.4,-116.8,1134,161.2315727,371,4.611284256,,
1170,34.4,-116.6,1170,179.50376,294,4.476792336,,
1206,34.4,-116.4,1206,197.8012525,358,4.405971527,,
1242,34.4,-116.2,1242,216.1175611,364,4.262273789,,
1278,34.4,-116,1278,234.4482132,671,3.74320221,,
1314,34.4,-115.8,1314,252.7900252,709,3.521115065,,
1350,34.4,-115.6,1350,271.1406686,461,3.690914869,,
1386,34.4,-115.4,1386,289.4983996,294,3.804974794,,
1422,34.4,-115.2,1422,307.8618855,685,3.406573534,,
1458,34.4,-115,1458,326.2300894,348,3.735785723,,
1494,34.4,-114.8,1494,344.6021913,522,3.431264401,,
1530,34.4,-114.6,1530,362.9775336,405,3.620355368,,
1566,34.4,-114.4,1566,381.3555817,430,3.434094429,,
1602,34.4,-114.2,1602,399.7358961,391,3.439040184,,
1638,34.4,-114,1638,418.1181114,400,,,
19,34.6,-123,19,412.5436333,600,,,
55,34.6,-122.8,55,394.2639488,600,,,
91,34.6,-122.6,91,375.9940705,600,3.402977705,,
127,34.6,-122.4,127,357.7355773,600,3.457082748,,
163,34.6,-122.2,163,339.4903833,600,3.512614727,,
199,34.6,-122,199,321.2608313,600,3.569733143,,
235,34.6,-121.8,235,303.0498217,600,3.628702402,,
271,34.6,-121.6,271,284.8609884,600,3.690061808,,
307,34.6,-121.4,307,266.6989466,600,3.755016804,,
343,34.6,-121.2,343,248.5696478,600,3.826159477,,
379,34.6,-121,379,230.4808974,600,3.908092737,,
415,34.6,-120.8,415,212.4431327,600,4.003740788,,
451,34.6,-120.6,451,194.4706215,531,4.140338898,,
487,34.6,-120.4,487,176.5833699,385,4.391403198,,
523,34.6,-120.2,523,158.8102708,364,4.747634411,,
559,34.6,-120,559,141.1945206,514,4.711375713,,
595,34.6,-119.8,595,123.8033872,652,4.530542851,,
631,34.6,-119.6,631,106.7467945,500,4.918284893,,
667,34.6,-119.4,667,90.21477875,394,4.995297432,,
703,34.6,-119.2,703,74.55719866,428,5.304879665,,
739,34.6,-119,739,60.45739714,690,5.467386246,,
775,34.6,-118.8,775,49.27145933,707,6.007152081,,
811,34.6,-118.6,811,43.31881986,497,6.557441711,,
847,34.6,-118.4,847,44.73957265,569,5.815406799,,
883,34.6,-118.2,883,52.94340222,635,4.894831181,,
919,34.6,-118,919,65.42660368,294,5.437860489,,
955,34.6,-117.8,955,80.21554404,294,4.982392311,,
991,34.6,-117.6,991,96.2531795,294,5.207641125,,
1027,34.6,-117.4,1027,113.0090821,294,5.108067036,,
1063,34.6,-117.2,1063,130.2061983,296,5.084480763,,
1099,34.6,-117,1099,147.6904283,662,4.354858398,,
1135,34.6,-116.8,1135,165.3706725,353,4.558106422,,
1171,34.6,-116.6,1171,183.1901272,523,4.254493713,,
1207,34.6,-116.4,1207,201.1117315,415,4.260851383,,
1243,34.6,-116.2,1243,219.1103604,519,4.126188278,,
1279,34.6,-116,1279,237.1684165,352,3.990617991,,
1315,34.6,-115.8,1315,255.2732255,352,3.64190197,,
1351,34.6,-115.6,1351,273.4154366,352,3.557912111,,
1387,34.6,-115.4,1387,291.5880045,294,3.653318405,,
1423,34.6,-115.2,1423,309.7855224,670,3.429250479,,
1459,34.6,-115,1459,328.0037727,393,3.71428442,,
1495,34.6,-114.8,1495,346.2394173,357,3.662881851,,
1531,34.6,-114.6,1531,364.4897799,653,3.294399977,,
1567,34.6,-114.4,1567,382.752689,442,3.44822073,,
1603,34.6,-114.2,1603,401.0263642,739,3.173355103,,
1639,34.6,-114,1639,419.3093315,332,,,
20,34.8,-123,20,414.9535159,600,,,
56,34.8,-122.8,56,396.8293759,600,,,
92,34.8,-122.6,92,378.7277839,600,3.39538908,,
128,34.8,-122.4,128,360.6522114,600,3.448619366,,
164,34.8,-122.2,164,342.606853,600,3.503028631,,
200,34.8,-122,200,324.5968246,600,3.558618069,,
236,34.8,-121.8,236,306.6284281,600,3.615384817,,
272,34.8,-121.6,272,288.7095138,600,3.673456907,,
308,34.8,-121.4,308,270.84998,600,3.733564377,,
344,34.8,-121.2,344,253.0624762,600,3.798528433,,
380,34.8,-121,380,235.3634114,600,3.877916098,,
416,34.8,-120.8,416,217.7744274,600,4.005013943,,
452,34.8,-120.6,452,200.3246003,352,4.622406483,,
488,34.8,-120.4,488,183.0538081,479,4.129175186,,
524,34.8,-120.2,524,166.0180131,385,4.421365738,,
560,34.8,-120,560,149.2977589,502,4.334990025,,
596,34.8,-119.8,596,133.0121713,733,4.191806316,,
632,34.8,-119.6,632,117.3424446,468,4.559369564,,
668,34.8,-119.4,668,102.571297,445,4.845797062,,
704,34.8,-119.2,704,89.14659505,622,5.038970947,,
740,34.8,-119,740,77.7688413,469,5.510143757,,
776,34.8,-118.8,776,69.45149534,711,4.992213726,,
812,34.8,-118.6,812,65.37333387,294,6.043566704,,
848,34.8,-118.4,848,66.32105664,285,5.632109642,,
884,34.8,-118.2,884,72.09673389,439,5.384104729,,
920,34.8,-118,920,81.68255079,232,5.481211662,,
956,34.8,-117.8,956,93.91899163,710,4.372932434,,
992,34.8,-117.6,992,107.9080363,710,4.380420685,,
1028,34.8,-117.4,1028,123.0533623,447,5.059948444,,
1064,34.8,-117.2,1064,138.9774095,437,4.583877564,,
1100,34.8,-117,1100,155.4409826,424,4.366942406,,
1136,34.8,-116.8,1136,172.2894287,707,4.104522228,,
1172,34.8,-116.6,1172,189.420018,275,4.571326733,,
1208,34.8,-116.4,1208,206.7625759,322,4.286114216,,
1244,34.8,-116.2,1244,224.2678734,398,4.065224171,,
1280,34.8,-116,1280,241.9005219,519,3.681310415,,
1316,34.8,-115.8,1316,259.6345141,531,3.805950403,,
1352,34.8,-115.6,1352,277.4503552,571,3.700592041,,
1388,34.8,-115.4,1388,295.3331695,499,3.81674099,,
1424,34.8,-115.2,1424,313.271424,294,3.832447052,,
1460,34.8,-115,1460,331.2560476,355,3.739551544,,
1496,34.8,-114.8,1496,349.2798128,499,3.44463706,,
1532,34.8,-114.6,1532,367.3368927,385,3.403189898,,
1568,34.8,-114.4,1568,385.4225391,376,3.50410986,,
1604,34.8,-114.2,1604,403.5328451,410,3.462214708,,
1640,34.8,-114,1640,421.6645669,410,,,
21,35,-123,21,418.5258246,600,,,
57,35,-122.8,57,400.60759,600,,,
93,35,-122.6,93,382.7289358,600,3.383952856,,
129,35,-122.4,129,364.8957556,600,3.435969114,,
165,35,-122.2,165,347.1151337,600,3.488796234,,
201,35,-122,201,329.3956572,600,3.542153597,,
237,35,-121.8,237,311.7478281,600,3.595489264,,
273,35,-121.6,273,294.1846168,600,3.647864103,,
309,35,-121.4,309,276.7222109,600,3.697844029,,
345,35,-121.2,345,259.3810466,600,3.743400335,,
381,35,-121,381,242.1872444,600,3.784232378,,
417,35,-120.8,417,225.1746387,600,3.845019102,,
453,35,-120.6,453,208.3876876,352,4.501117706,,
489,35,-120.4,489,191.8856984,494,3.565508604,,
525,35,-120.2,525,175.749033,732,3.80578661,,
561,35,-120,561,160.0882747,468,4.177490711,,
597,35,-119.8,597,145.0577169,353,4.563015938,,
633,35,-119.6,633,130.8747388,459,4.27963829,,
669,35,-119.4,669,117.8458278,359,4.804622173,,
705,35,-119.2,705,106.3958627,436,4.959068775,,
741,35,-119,741,97.08516238,505,4.926527023,,
777,35,-118.8,777,90.57590211,430,5.295935154,,
813,35,-118.6,813,87.49560141,703,4.844110489,,
849,35,-118.4,849,88.20424921,547,4.614051342,,
885,35,-118.2,885,92.61490967,295,4.946894169,,
921,35,-118,921,100.2400762,700,4.389425755,,
957,35,-117.8,957,110.4157504,228,5.488282204,,
993,35,-117.6,993,122.5079927,294,4.756231785,,
1029,35,-117.4,1029,136.0065175,422,4.664478779,,
1065,35,-117.2,1065,150.5334441,294,4.375132084,,
1101,35,-117,1101,165.8186566,355,4.315912247,,
1137,35,-116.8,1137,181.6708041,454,4.182404518,,
1173,35,-116.6,1173,197.9536782,319,4.319056034,,
1209,35,-116.4,1209,214.5691858,485,4.052442551,,
1245,35,-116.2,1245,231.4456404,341,4.11644268,,
1281,35,-116,1281,248.5298293,577,3.778680325,,
1317,35,-115.8,1317,265.7816358,352,3.809743404,,
1353,35,-115.6,1353,283.1703644,427,3.925717592,,
1389,35,-115.4,1389,300.6721977,516,3.619864941,,
1425,35,-115.2,1425,318.2684141,593,3.592725754,,
1461,35,-115,1461,335.9441191,411,3.712103367,,
1497,35,-114.8,1497,353.6873311,405,3.623795033,,
1533,35,-114.6,1533,371.4883127,290,3.740340471,,
1569,35,-114.4,1569,389.3390747,549,3.403028011,,
1605,35,-114.2,1605,407.2330052,306,3.617010593,,
1641,35,-114,1641,425.1645879,772,,,
22,35.2,-123,22,423.2312408,600,,,
58,35.2,-122.8,58,405.5648181,600,,,
94,35.2,-122.6,94,387.9584393,600,3.368880272,,
130,35.2,-122.4,130,370.4207412,600,3.419415236,,
166,35.2,-122.2,166,352.9620361,600,3.470319748,,
202,35.2,-122,202,335.5947269,600,3.520940065,,
238,35.2,-121.8,238,318.3338473,600,3.569948673,,
274,35.2,-121.6,274,301.1977695,600,3.614894629,,
310,35.2,-121.4,310,284.2091426,600,3.651711464,,
346,35.2,-121.2,346,267.396146,600,3.672903061,,
382,35.2,-121,382,250.7941773,600,3.647943258,,
418,35.2,-120.8,418,234.4481441,517,3.551070929,,
454,35.2,-120.6,454,218.4155876,474,3.502625465,,
490,35.2,-120.4,490,202.7709495,385,3.903749943,,
526,35.2,-120.2,526,187.6113683,733,3.782783508,,
562,35.2,-120,562,173.0644242,529,4.065495014,,
598,35.2,-119.8,598,159.2981072,229,4.704106808,,
634,35.2,-119.6,634,146.5326573,483,4.324688435,,
670,35.2,-119.4,670,135.0522434,294,4.805866242,,
706,35.2,-119.2,706,125.2108865,228,5.061676502,,
742,35.2,-119,742,117.4214749,228,5.142444134,,
778,35.2,-118.8,778,112.112559,289,5.223546505,,
814,35.2,-118.6,814,109.645065,707,4.406061649,,
850,35.2,-118.4,850,110.2100182,692,4.366281986,,
886,35.2,-118.2,886,113.7622472,659,4.349195957,,
922,35.2,-118,922,120.0368254,294,5.079284668,,
958,35.2,-117.8,958,128.6359749,710,4.390701771,,
994,35.2,-117.6,994,139.1293074,394,4.725043297,,
1030,35.2,-117.4,1030,151.1227275,354,4.453760147,,
1066,35.2,-117.2,1066,164.2879912,496,4.06964159,,
1102,35.2,-117,1102,178.3657581,415,4.234947681,,
1138,35.2,-116.8,1138,193.1565647,358,3.895949602,,
1174,35.2,-116.6,1174,208.5086733,451,4.105918407,,
1210,35.2,-116.4,1210,224.3068085,413,4.167989731,,
1246,35.2,-116.2,1246,240.46302,693,3.932836056,,
1282,35.2,-116,1282,256.9097041,295,4.354903698,,
1318,35.2,-115.8,1318,273.594423,494,3.823619366,,
1354,35.2,-115.6,1354,290.4761016,353,3.778295994,,
1390,35.2,-115.4,1390,307.5222438,690,3.557982445,,
1426,35.2,-115.2,1426,324.7068869,427,3.800457239,,
1462,35.2,-115,1462,342.0090913,785,3.366208553,,
1498,35.2,-114.8,1498,359.4118158,461,3.60584116,,
1534,35.2,-114.6,1534,376.9010724,432,3.630455017,,
1570,35.2,-114.4,1570,394.4652871,804,3.265074492,,
1606,35.2,-114.2,1606,412.0948105,337,3.581599474,,
1642,35.2,-114,1642,429.7815403,386,,,
23,35.4,-123,23,429.0325982,600,,,
59,35.4,-122.8,59,411.6585877,600,,,
95,35.4,-122.6,95,394.3675558,600,3.350446701,,
131,35.4,-122.4,131,377.1709886,600,3.399343252,,
167,35.4,-122.2,167,360.0824935,600,3.448197603,,
203,35.4,-122,203,343.1182911,600,3.496008873,,
239,35.4,-121.8,239,326.2978406,600,3.540646792,,
275,35.4,-121.6,275,309.6446417,600,3.577774525,,
311,35.4,-121.4,311,293.1872676,600,3.599395275,,
347,35.4,-121.2,347,276.9607001,600,3.598754883,,
383,35.4,-121,383,261.0080602,600,3.646411896,,
419,35.4,-120.8,419,245.3828483,733,3.509528399,,
455,35.4,-120.6,455,230.1518305,383,3.425202608,,
491,35.4,-120.4,491,215.3987112,710,3.570873261,,
527,35.4,-120.2,527,201.2286944,514,4.028801918,,
563,35.4,-120,563,187.7738974,514,4.159642696,,
599,35.4,-119.8,599,175.1992375,386,4.339267254,,
635,35.4,-119.6,635,163.7077105,294,4.745275497,,
671,35.4,-119.4,671,153.5427527,233,4.573370934,,
707,35.4,-119.2,707,144.9836989,228,4.573525906,,
743,35.4,-119,743,138.3290017,501,4.209740162,,
779,35.4,-118.8,779,133.8630037,468,4.141401291,,
815,35.4,-118.6,815,131.8083868,710,4.135455608,,
851,35.4,-118.4,851,132.2775723,710,4.168867111,,
887,35.4,-118.2,887,135.2442945,352,4.627652645,,
923,35.4,-118,923,140.5504779,445,4.45334816,,
959,35.4,-117.8,959,147.9445952,373,4.74793911,,
995,35.4,-117.6,995,157.1321418,355,4.394323349,,
1031,35.4,-117.4,1031,167.8187888,598,4.202466965,,
1067,35.4,-117.2,1067,179.7373004,432,4.171344757,,
1103,35.4,-117,1103,192.6591482,483,3.979254007,,
1139,35.4,-116.8,1139,206.395924,441,4.171219826,,
1175,35.4,-116.6,1175,220.7955288,627,3.837588072,,
1211,35.4,-116.4,1211,235.7364784,444,4.049729347,,
1247,35.4,-116.2,1247,251.1221127,352,4.199505806,,
1283,35.4,-116,1283,266.8754776,710,3.817017317,,
1319,35.4,-115.8,1319,282.9350984,453,3.720457315,,
1355,35.4,-115.6,1355,299.2516141,373,3.998002291,,
1391,35.4,-115.4,1391,315.7851464,407,3.871133566,,
1427,35.4,-115.2,1427,332.5032631,644,3.528367758,,
1463,35.4,-115,1463,349.3794059,401,3.684990645,,
1499,35.4,-114.8,1499,366.3916768,559,3.47625351,,
1535,35.4,-114.6,1535,383.521898,600,3.39803052,,
1571,35.4,-114.4,1571,400.7548807,343,3.608498573,,
1607,35.4,-114.2,1607,418.0778536,435,3.442064047,,
1643,35.4,-114,1643,435.4800128,414,,,
24,35.6,-123,24,435.8862528,600,,,
60,35.6,-122.8,60,418.8394118,600,,,
96,35.6,-122.6,96,401.8999775,600,3.328966141,,
132,35.6,-122.4,132,385.0821963,600,3.376184225,,
168,35.6,-122.2,168,368.4028011,600,3.42310214,,
204,35.6,-122,204,351.8815426,600,3.468598604,,
240,35.6,-121.8,240,335.5418511,600,3.510260105,,
276,35.6,-121.6,276,319.4116628,600,3.542887926,,
312,35.6,-121.4,312,303.5244497,600,3.554448605,,
348,35.6,-121.2,348,287.920505,600,3.501026154,,
384,35.6,-121,384,272.6485356,733,3.398728848,,
420,35.6,-120.8,420,257.7676204,385,3.853835344,,
456,35.6,-120.6,456,243.349574,514,3.72760725,,
492,35.6,-120.4,492,229.4817203,514,3.887587071,,
528,35.6,-120.2,528,216.2699856,514,3.980556488,,
564,35.6,-120,564,203.8420438,385,4.10483408,,
600,35.6,-119.8,600,192.3499343,294,4.178982735,,
636,35.6,-119.6,636,181.9710968,228,4.36021328,,
672,35.6,-119.4,672,172.9061677,228,4.58761549,,
708,35.6,-119.2,708,165.3713954,238,4.32801342,,
744,35.6,-119,744,159.5836989,514,4.060558319,,
780,35.6,-118.8,780,155.7380042,710,3.742670775,,
816,35.6,-118.6,816,153.9799021,710,3.891400099,,
852,35.6,-118.4,852,154.3807372,710,4.112932682,,
888,35.6,-118.2,888,156.923965,710,4.127794743,,
924,35.6,-118,924,161.5084003,626,4.280237198,,
960,35.6,-117.8,960,167.9669728,294,5.100831509,,
996,35.6,-117.6,996,176.0935661,352,5.06389904,,
1032,35.6,-117.4,1032,185.6692555,487,4.425647736,,
1068,35.6,-117.2,1068,196.4822521,709,3.970772266,,
1104,35.6,-117,1104,208.3399539,433,4.161149025,,
1140,35.6,-116.8,1140,221.0742776,709,3.834628344,,
1176,35.6,-116.6,1176,234.5424335,602,3.824102402,,
1212,35.6,-116.4,1212,248.6251446,605,3.785323858,,
1248,35.6,-116.2,1248,263.2237401,294,4.076299667,,
1284,35.6,-116,1284,278.2569814,401,4.028339863,,
1320,35.6,-115.8,1320,293.6580683,455,3.945127726,,
1356,35.6,-115.6,1356,309.3720128,494,3.819038391,,
1392,35.6,-115.4,1392,325.3534287,204,4.103693008,,
1428,35.6,-115.2,1428,341.5647147,803,3.386526346,,
1464,35.6,-115,1464,357.9745821,526,3.50901413,,
1500,35.6,-114.8,1500,374.5568701,793,3.256533623,,
1536,35.6,-114.6,1536,391.2895965,539,3.397545099,,
1572,35.6,-114.4,1572,408.1541969,275,3.666289091,,
1608,35.6,-114.2,1608,425.1349142,518,3.33094883,,
1644,35.6,-114,1644,442.2183085,239,,,
25,35.8,-123,25,443.7435597,600,,,
61,35.8,-122.8,61,427.0525732,600,,,
97,35.8,-122.6,97,410.493992,600,3.304761171,,
133,35.8,-122.4,133,394.0845771,600,3.350337505,,
169,35.8,-122.2,169,377.8438338,600,3.395544767,,
205,35.8,-122,205,361.7945471,600,3.439447641,,
241,35.8,-121.8,241,345.9634319,600,3.480347395,,
277,35.8,-121.6,277,330.3819207,600,3.515230894,,
313,35.8,-121.4,313,315.0871125,600,3.539161921,,
349,35.8,-121.2,349,300.1229095,596,3.517294407,,
385,35.8,-121,385,285.5413584,385,3.771987438,,
421,35.8,-120.8,421,271.4042051,514,3.700907946,,
457,35.8,-120.6,457,257.7846345,514,3.726875782,,
493,35.8,-120.4,493,244.7691201,499,3.787828684,,
529,35.8,-120.2,529,232.4592046,477,3.738819599,,
565,35.8,-120,565,220.9728951,385,3.932775974,,
601,35.8,-119.8,601,210.4451442,228,4.100821972,,
637,35.8,-119.6,637,201.0266525,228,4.273488998,,
673,35.8,-119.4,673,192.8800272,228,4.299749851,,
709,35.8,-119.2,709,186.1723427,269,4.05364275,,
745,35.8,-119,745,181.0636189,514,3.819243431,,
781,35.8,-118.8,781,177.6918432,710,3.6442554,,
817,35.8,-118.6,817,176.1567972,710,3.792414904,,
853,35.8,-118.4,853,176.5064146,710,3.883895874,,
889,35.8,-118.2,889,178.7296346,710,3.991767883,,
925,35.8,-118,925,182.7580851,710,4.083745956,,
961,35.8,-117.8,961,188.4760323,294,4.630184174,,
997,35.8,-117.6,997,195.7354463,352,4.61067152,,
1033,35.8,-117.4,1033,204.3721046,710,3.895967007,,
1069,35.8,-117.2,1069,214.2194609,710,3.873008013,,
1105,35.8,-117,1105,225.118656,477,4.085596085,,
1141,35.8,-116.8,1141,236.9245312,514,3.978668928,,
1177,35.8,-116.6,1177,249.508373,574,3.825607061,,
1213,35.8,-116.4,1213,262.7583848,591,3.784574032,,
1249,35.8,-116.2,1249,276.5787918,514,3.868594885,,
1285,35.8,-116,1285,290.8882537,401,3.888279915,,
1321,35.8,-115.8,1321,305.6180301,459,3.807935238,,
1357,35.8,-115.6,1357,320.7101581,333,3.873553276,,
1393,35.8,-115.4,1393,336.1157741,399,3.728215933,,
1429,35.8,-115.2,1429,351.7936385,461,3.573562145,,
1465,35.8,-115,1465,367.7088707,287,3.688497543,,
1501,35.8,-114.8,1501,383.8318853,527,3.363445997,,
1537,35.8,-114.6,1537,400.1375053,513,3.362515926,,
1573,35.8,-114.4,1573,416.6042284,542,3.313256502,,
1609,35.8,-114.2,1609,433.2136218,555,3.268115282,,
1645,35.8,-114,1645,449.9498233,562,,,
26,36,-123,26,452.5523541,600,,,
62,36,-122.8,62,436.2398811,600,,,
98,36,-122.6,98,420.0845684,600,3.278265238,,
134,36,-122.4,134,404.1053346,600,3.322184801,,
170,36,-122.2,170,388.3239853,600,3.365924835,,
206,36,-122,206,372.7657217,600,3.409092665,,
242,36,-121.8,242,357.4597412,600,3.450789452,,
278,36,-121.6,278,342.43994,600,3.489480019,,
314,36,-121.4,314,327.7457298,710,3.436735153,,
350,36,-121.2,350,313.4229716,514,3.705448389,,
386,36,-121,386,299.5250184,385,3.785567999,,
422,36,-120.8,422,286.1138416,469,3.731663466,,
458,36,-120.6,458,273.2611789,389,3.775056601,,
494,36,-120.4,494,261.0495935,691,3.444720984,,
530,36,-120.2,530,249.5732594,513,3.25190258,,
566,36,-120,566,238.9381932,395,3.687391043,,
602,36,-119.8,602,229.2615455,228,4.199903965,,
638,36,-119.6,638,220.6694776,228,4.353916645,,
674,36,-119.4,674,213.2931364,228,4.268485069,,
710,36,-119.2,710,207.2623946,409,4.097568512,,
746,36,-119,746,202.6974177,439,4.038794041,,
782,36,-118.8,782,199.6987689,710,3.821841478,,
818,36,-118.6,818,198.3375169,710,3.899659395,,
854,36,-118.4,854,198.6473313,710,3.788226843,,
890,36,-118.2,890,200.6204692,710,3.806163073,,
926,36,-118,926,204.2087137,710,3.897496223,,
962,36,-117.8,962,209.3290104,696,3.965434074,,
998,36,-117.6,998,215.8723505,505,4.196073532,,
1034,36,-117.4,1034,223.7138772,710,3.869720697,,
1070,36,-117.2,1070,232.7223714,519,3.959611416,,
1106,36,-117,1106,242.7679242,383,4.043155193,,
1142,36,-116.8,1142,253.72735,334,4.033973694,,
1178,36,-116.6,1178,265.4874567,709,3.622634649,,
1214,36,-116.4,1214,277.9465864,609,3.705420733,,
1250,36,-116.2,1250,291.014925,463,3.717360973,,
1286,36,-116,1286,304.6140258,355,3.845882416,,
1322,36,-115.8,1322,318.6758959,299,3.897710085,,
1358,36,-115.6,1358,333.1418871,446,3.676297188,,
1394,36,-115.4,1394,347.9615462,596,3.491721392,,
1430,36,-115.2,1430,363.0915146,340,3.69152379,,
1466,36,-115,1466,378.4945239,608,2.974305153,,
1502,36,-114.8,1502,394.1385053,671,3.108389854,,
1538,36,-114.6,1538,409.9958163,900,3.039757967,,
1574,36,-114.4,1574,426.0425769,401,3.418052673,,
1610,36,-114.2,1610,442.2581045,403,3.389427185,,
1646,36,-114,1646,458.6244362,573,,,
27,36.2,-123,27,462.2583518,600,,,
63,36.2,-122.8,63,446.341296,600,,,
99,36.2,-122.6,99,430.6052397,600,3.250016928,,
135,36.2,-122.4,135,415.0708369,600,3.292740107,,
171,36.2,-122.2,171,399.7616632,600,3.335840464,,
207,36.2,-122,207,384.704674,600,3.378604412,,
243,36.2,-121.8,243,369.9307289,600,3.42008543,,
279,36.2,-121.6,279,355.4751841,710,3.373620272,,
315,36.2,-121.4,315,341.3785517,710,3.411637068,,
351,36.2,-121.2,351,327.6872157,385,3.7484622,,
387,36.2,-121,387,314.4541794,385,3.768174171,,
423,36.2,-120.8,423,301.7398031,521,3.682506323,,
459,36.2,-120.6,459,289.6124594,502,3.592284441,,
495,36.2,-120.4,495,278.1489952,315,3.767647505,,
531,36.2,-120.2,531,267.4348443,228,3.639199972,,
567,36.2,-120,567,257.5635794,228,3.848405361,,
603,36.2,-119.8,603,248.6356554,228,4.208651066,,
639,36.2,-119.6,639,240.7560784,228,4.301312923,,
675,36.2,-119.4,675,234.0307961,228,4.171870709,,
711,36.2,-119.2,711,228.5617527,447,4.078525066,,
747,36.2,-119,747,224.4408236,709,3.612461567,,
783,36.2,-118.8,783,221.7431999,531,3.800337791,,
819,36.2,-118.6,819,220.5211323,710,3.684168816,,
855,36.2,-118.4,855,220.7991277,710,3.586879969,,
891,36.2,-118.2,891,222.5715642,710,3.622712851,,
927,36.2,-118,927,225.8032458,352,4.15964222,,
963,36.2,-117.8,963,230.4327728,707,3.793254852,,
999,36.2,-117.6,999,236.3780099,569,3.952452421,,
1035,36.2,-117.4,1035,243.5425977,353,4.113204956,,
1071,36.2,-117.2,1071,251.822455,710,3.723553658,,
1107,36.2,-117,1107,261.1114758,710,3.669376373,,
1143,36.2,-116.8,1143,271.3059886,226,3.949212074,,
1179,36.2,-116.6,1179,282.3078759,406,3.760989189,,
1215,36.2,-116.4,1215,294.0264786,501,3.476881027,,
1251,36.2,-116.2,1251,306.379523,869,3.308799028,,
1287,36.2,-116,1287,319.2933333,285,3.860445499,,
1323,36.2,-115.8,1323,332.7025685,622,3.490597725,,
1359,36.2,-115.6,1359,346.549673,629,3.458695412,,
1395,36.2,-115.4,1395,360.7841804,900,3.255188227,,
1431,36.2,-115.2,1431,375.3619657,308,3.722495079,,
1467,36.2,-115,1467,390.2445048,815,3.128885984,,
1503,36.2,-114.8,1503,405.398179,403,3.404414415,,
1539,36.2,-114.6,1539,420.7936385,716,3.135677338,,
1575,36.2,-114.4,1575,436.4052361,600,3.205420017,,
1611,36.2,-114.2,1611,452.2105271,495,3.269974232,,
1647,36.2,-114,1647,468.1898347,600,,,
28,36.4,-123,28,472.8064063,600,,,
64,36.4,-122.8,64,457.2963543,600,,,
100,36.4,-122.6,100,441.9897061,600,3.221677065,,
136,36.4,-122.4,136,426.9084067,600,3.264082432,,
172,36.4,-122.2,172,412.0772641,600,3.30625248,,
208,36.4,-122,208,397.5243419,600,3.347678423,,
244,36.4,-121.8,244,383.2813959,710,3.298034906,,
280,36.4,-121.6,280,369.3843458,513,3.46869421,,
316,36.4,-121.4,316,355.873776,449,3.668382168,,
352,36.4,-121.2,352,342.7954448,710,3.416974545,,
388,36.4,-121,388,330.2007719,522,3.647121668,,
424,36.4,-120.8,424,318.1472573,486,3.592062235,,
460,36.4,-120.6,460,306.6987635,503,3.542061567,,
496,36.4,-120.4,496,295.9255675,498,3.516231775,,
532,36.4,-120.2,532,285.9040637,228,3.393069267,,
568,36.4,-120,568,276.7159767,228,3.367538691,,
604,36.4,-119.8,604,268.4469349,228,3.556330919,,
640,36.4,-119.6,640,261.1842785,396,3.553184509,,
676,36.4,-119.4,676,255.0140366,228,4.002310753,,
712,36.4,-119.2,712,250.0171282,447,3.523394108,,
748,36.4,-119,748,246.2650081,710,3.382161379,,
784,36.4,-118.8,784,243.8151674,710,3.469890356,,
820,36.4,-118.6,820,242.7070544,710,3.574929714,,
856,36.4,-118.4,856,242.9590328,710,3.586671829,,
892,36.4,-118.2,892,244.5668976,625,3.661174774,,
928,36.4,-118,928,247.504219,284,4.103922367,,
964,36.4,-117.8,964,251.7244503,704,3.693929911,,
1000,36.4,-117.6,1000,257.1644222,659,3.714005709,,
1036,36.4,-117.4,1036,263.7486507,397,3.878919363,,
1072,36.4,-117.2,1072,271.3938412,695,3.655853987,,
1108,36.4,-117,1108,280.013075,519,3.773177385,,
1144,36.4,-116.8,1144,289.5193377,576,3.682326317,,
1180,36.4,-116.6,1180,299.8282326,820,3.306259871,,
1216,36.4,-116.4,1216,310.8598783,247,3.702201366,,
1252,36.4,-116.2,1252,322.5400815,803,3.243730784,,
1288,36.4,-116,1288,334.8009252,584,3.451986551,,
1324,36.4,-115.8,1324,347.5809218,778,3.323576689,,
1360,36.4,-115.6,1360,360.8248628,544,3.476116419,,
1396,36.4,-115.4,1396,374.4834771,361,3.633006334,,
1432,36.4,-115.2,1432,388.5129795,705,3.269437075,,
1468,36.4,-115,1468,402.8745709,623,3.273617268,,
1504,36.4,-114.8,1504,417.5339293,354,3.494536161,,
1540,36.4,-114.6,1540,432.4607185,558,3.252187252,,
1576,36.4,-114.4,1576,447.6281278,360,3.425625801,,
1612,36.4,-114.2,1612,463.0124523,501,3.240032673,,
1648,36.4,-114,1648,478.5927147,630,,,
29,36.6,-123,29,484.1415856,600,,,
65,36.6,-122.8,65,469.0453528,600,,,
101,36.6,-122.6,101,454.1731253,600,3.194185734,,
137,36.6,-122.4,137,439.5477056,600,3.236796379,,
173,36.6,-122.2,173,425.1946259,600,3.278882265,,
209,36.6,-122,209,411.1424712,600,3.319099426,,
245,36.6,-121.8,245,397.4232241,446,3.688012362,,
281,36.6,-121.6,281,384.07262,235,3.743458509,,
317,36.6,-121.4,317,371.1305022,679,3.384377003,,
353,36.6,-121.2,353,358.6411517,455,3.624736786,,
389,36.6,-121,389,346.6535632,699,3.378715754,,
425,36.6,-120.8,425,335.2216219,352,3.741749287,,
461,36.6,-120.6,461,324.4041251,341,3.704226017,,
497,36.6,-120.4,497,314.2645762,228,3.712168217,,
533,36.6,-120.2,533,304.8706689,228,3.538960695,,
569,36.6,-120,569,296.293373,275,3.354641438,,
605,36.6,-119.8,605,288.6055427,258,3.334365606,,
641,36.6,-119.6,641,281.8799965,245,3.083352327,,
677,36.6,-119.4,677,276.1870706,447,4.052742004,,
713,36.6,-119.2,713,271.5917321,710,3.417654276,,
749,36.6,-119,749,268.1504347,710,3.434672833,,
785,36.6,-118.8,785,265.9080022,710,3.47021699,,
821,36.6,-118.6,821,264.8948922,710,3.48871994,,
857,36.6,-118.4,857,265.1252017,710,3.442442179,,
893,36.6,-118.2,893,266.5957073,352,3.821304798,,
929,36.6,-118,929,269.2860867,288,3.916912079,,
965,36.6,-117.8,965,273.1602875,710,3.559684277,,
1001,36.6,-117.6,1001,278.1688355,474,3.835618019,,
1037,36.6,-117.4,1037,284.2517552,709,3.595413923,,
1073,36.6,-117.2,1073,291.341735,376,3.900054693,,
1109,36.6,-117,1109,299.3672043,438,3.821871996,,
1145,36.6,-116.8,1145,308.2550734,658,3.500057221,,
1181,36.6,-116.6,1181,317.9329902,248,3.812158823,,
1217,36.6,-116.4,1217,328.3310618,283,3.51124239,,
1253,36.6,-116.2,1253,339.3830615,660,3.281877995,,
1289,36.6,-116,1289,351.0271854,441,3.534760475,,
1325,36.6,-115.8,1325,363.2064436,584,3.4120543,,
1361,36.6,-115.6,1361,375.8687724,363,3.618641853,,
1397,36.6,-115.4,1397,388.9669481,543,3.401756048,,
1433,36.6,-115.2,1433,402.4583677,705,3.239241123,,
1469,36.6,-115,1469,416.304748,601,3.274015904,,
1505,36.6,-114.8,1505,430.471784,396,3.431649923,,
1541,36.6,-114.6,1541,444.9287914,659,3.154564619,,
1577,36.6,-114.4,1577,459.6483537,293,3.49694109,,
1613,36.6,-114.2,1613,474.6059852,543,3.175783873,,
1649,36.6,-114,1649,489.7798164,688,,,
30,36.8,-123,30,496.2100512,600,,,
66,36.8,-122.8,66,481.5302838,600,,,
102,36.8,-122.6,102,467.09309,600,3.168088675,,
138,36.8,-122.4,138,452.9217293,600,3.214053154,,
174,36.8,-122.2,174,439.042005,600,3.260075331,,
210,36.8,-122,210,425.4825188,600,3.300946474,,
246,36.8,-121.8,246,412.2749276,600,3.676578999,,
282,36.8,-121.6,282,399.4541954,651,3.300191879,,
318,36.8,-121.4,318,387.0588216,386,3.485718966,,
354,36.8,-121.2,354,375.1310272,595,3.422609329,,
390,36.8,-121,390,363.7168683,733,3.325589418,,
426,36.8,-120.8,426,352.8662412,508,3.549085379,,
462,36.8,-120.6,462,342.6327353,228,3.788713932,,
498,36.8,-120.4,498,333.0732815,228,3.737593889,,
534,36.8,-120.2,534,324.2475434,228,3.605190516,,
570,36.8,-120,570,316.2169997,447,3.259769917,,
606,36.8,-119.8,606,309.0436805,447,3.007453919,,
642,36.8,-119.6,642,302.7885476,447,3.364944935,,
678,36.8,-119.4,678,297.5095475,689,3.313852072,,
714,36.8,-119.2,714,293.2594218,710,3.42443943,,
750,36.8,-119,750,290.0834151,710,3.4635849,,
786,36.8,-118.8,786,288.0170762,710,3.466415882,,
822,36.8,-118.6,822,287.0843758,700,3.418817997,,
858,36.8,-118.4,858,287.2963588,710,3.240629435,,
894,36.8,-118.2,894,288.6505025,342,2.848990679,,
930,36.8,-118,930,291.1308642,710,3.258425236,,
966,36.8,-117.8,966,294.7089993,354,3.796893835,,
1002,36.8,-117.6,1002,299.3455304,357,3.85372591,,
1038,36.8,-117.4,1038,304.9921731,746,3.505109549,,
1074,36.8,-117.2,1074,311.5939946,397,3.792732477,,
1110,36.8,-117,1110,319.091688,843,3.39010787,,
1146,36.8,-116.8,1146,327.4236853,339,3.75989461,,
1182,36.8,-116.6,1182,336.5279907,356,3.65305233,,
1218,36.8,-116.4,1218,346.3436686,357,3.569921494,,
1254,36.8,-116.2,1254,356.8119772,430,3.500973225,,
1290,36.8,-116,1290,367.8771656,318,3.659219503,,
1326,36.8,-115.8,1326,379.4869821,373,3.58367157,,
1362,36.8,-115.6,1362,391.5929431,293,3.674589872,,
1398,36.8,-115.4,1398,404.1504189,446,3.454017639,,
1434,36.8,-115.2,1434,417.1185834,485,3.381551981,,
1470,36.8,-115,1470,430.4602695,492,3.339752197,,
1506,36.8,-114.8,1506,444.1417652,503,3.292620897,,
1542,36.8,-114.6,1542,458.1325739,452,3.305330277,,
1578,36.8,-114.4,1578,472.4051595,425,3.298046351,,
1614,36.8,-114.2,1614,486.9346888,438,3.247193337,,
1650,36.8,-114,1650,501.6987813,402,,,
31,37,-123,31,508.9597409,600,,,
67,37,-122.8,67,494.6955323,600,,,
103,37,-122.6,103,480.6903177,600,3.143742085,,
139,37,-122.4,139,466.9674613,600,3.199803829,,
175,37,-122.2,175,453.5526527,600,3.502101183,,
211,37,-122,211,440.4740959,438,3.575998306,,
247,37,-121.8,247,427.7626906,413,3.570031643,,
283,37,-121.6,283,415.4521938,361,3.552133083,,
319,37,-121.4,319,403.5793475,499,3.417123318,,
355,37,-121.2,355,392.1839529,696,3.265832663,,
391,37,-121,391,381.3088674,429,3.549438715,,
427,37,-120.8,427,370.9998961,228,3.76471591,,
463,37,-120.6,463,361.3055446,228,3.786516428,,
499,37,-120.4,499,352.2765997,447,3.756759882,,
535,37,-120.2,535,343.965504,447,3.703667402,,
571,37,-120,571,336.4254988,447,3.646552801,,
607,37,-119.8,607,329.7095219,684,3.220525503,,
643,37,-119.6,643,323.8688688,633,3.327645302,,
679,37,-119.4,679,318.9516547,710,3.351307869,,
715,37,-119.2,715,315.0011484,710,3.415562391,,
751,37,-119,751,312.0540833,648,3.494613409,,
787,37,-118.8,787,310.1390783,449,3.721151114,,
823,37,-118.6,823,309.2753133,710,3.401672125,,
859,37,-118.4,859,309.4715943,710,3.310070753,,
895,37,-118.2,895,310.7259116,382,3.579153061,,
931,37,-118,931,313.0255414,710,3.314654112,,
967,37,-117.8,967,316.3476792,693,3.418065548,,
1003,37,-117.6,1003,320.6605325,761,3.42158556,,
1039,37,-117.4,1039,325.9247569,332,3.839153767,,
1075,37,-117.2,1075,332.0950922,886,3.335542679,,
1111,37,-117,1111,339.122057,416,3.669915199,,
1147,37,-116.8,1147,346.9535784,711,3.380405664,,
1183,37,-116.6,1183,355.5364624,456,3.546748638,,
1219,37,-116.4,1219,364.8176479,589,3.387897492,,
1255,37,-116.2,1255,374.7452179,849,3.193065405,,
1291,37,-116,1291,385.2691682,304,3.659697056,,
1327,37,-115.8,1327,396.3419536,376,3.544646978,,
1363,37,-115.6,1363,407.9188388,674,3.246747732,,
1399,37,-115.4,1399,419.9580909,823,3.123108149,,
1435,37,-115.2,1435,432.421045,286,3.58613348,,
1471,37,-115,1471,445.2720754,364,3.442113876,,
1507,37,-114.8,1507,458.4784995,603,3.170517683,,
1543,37,-114.6,1543,472.0104351,560,3.171145916,,
1579,37,-114.4,1579,485.8406302,522,3.169150353,,
1615,37,-114.2,1615,499.944278,485,3.168823481,,
1651,37,-114,1651,514.2988262,411,,,
32,37.2,-123,32,522.3408697,600,,,
68,37.2,-122.8,68,508.4883574,600,,,
104,37.2,-122.6,104,494.909091,600,3.116271734,,
140,37.2,-122.4,140,481.6262422,466,3.353470326,,
176,37.2,-122.2,176,468.6650723,468,3.408345699,,
212,37.2,-122,212,456.053065,675,3.372839928,,
248,37.2,-121.8,248,443.8200424,426,3.479836941,,
284,37.2,-121.6,284,431.9982539,430,3.455209732,,
320,37.2,-121.4,320,420.6224262,733,3.221214771,,
356,37.2,-121.2,356,409.7297552,502,3.405684471,,
392,37.2,-121,392,399.3598248,228,3.711656809,,
428,37.2,-120.8,428,389.5544281,358,3.721842289,,
464,37.2,-120.6,464,380.3572699,447,3.726080418,,
500,37.2,-120.4,500,371.8135286,447,3.740776539,,
536,37.2,-120.2,536,363.9692583,447,3.630199432,,
572,37.2,-120,572,356.8706202,710,3.277493954,,
608,37.2,-119.8,608,350.562943,710,3.29575944,,
644,37.2,-119.6,644,345.0896288,710,3.329113483,,
680,37.2,-119.4,680,340.4909398,710,3.366535425,,
716,37.2,-119.2,716,336.8027235,710,3.396463633,,
752,37.2,-119,752,334.0551538,618,3.519771338,,
788,37.2,-118.8,788,332.2715778,710,3.411991119,,
824,37.2,-118.6,824,331.4675646,705,3.39514637,,
860,37.2,-118.4,860,331.6502417,710,3.365322352,,
896,37.2,-118.2,896,332.8179838,527,3.571623802,,
932,37.2,-118,932,334.9604837,695,3.374073505,,
968,37.2,-117.8,968,338.0592002,308,3.74121356,,
1004,37.2,-117.6,1004,342.0881367,766,3.355746031,,
1040,37.2,-117.4,1040,347.0148779,663,3.43268466,,
1076,37.2,-117.2,1076,352.8017934,418,3.636930227,,
1112,37.2,-117,1112,359.4073125,302,3.76443696,,
1148,37.2,-116.8,1148,366.7871841,449,3.556210756,,
1184,37.2,-116.6,1184,374.8956517,438,3.538137436,,
1220,37.2,-116.4,1220,383.6864932,601,3.35950613,,
1256,37.2,-116.2,1256,393.113898,900,3.142009735,,
1292,37.2,-116,1292,403.1331722,432,3.465584993,,
1328,37.2,-115.8,1328,413.7012751,345,3.544998884,,
1364,37.2,-115.6,1364,424.7772033,409,3.439930439,,
1400,37.2,-115.4,1400,436.3222412,349,3.484136581,,
1436,37.2,-115.2,1436,448.3001013,512,3.276476622,,
1472,37.2,-115,1472,460.6769762,537,3.221277714,,
1508,37.2,-114.8,1508,473.4215227,572,3.158414602,,
1544,37.2,-114.6,1544,486.504796,567,3.128899336,,
1580,37.2,-114.4,1580,499.9001493,650,3.029993057,,
1616,37.2,-114.2,1616,513.5831105,366,3.265064716,,
1652,37.2,-114,1652,527.5312457,325,,,
33,37.4,-123,33,536.3062693,600,,,
69,37.4,-122.8,69,522.859192,600,,,
105,37.4,-122.6,105,509.6974946,600,3.077646732,,
141,37.4,-122.4,141,496.8439145,443,3.390272141,,
177,37.4,-122.2,177,484.3230396,456,3.408453465,,
213,37.4,-122,213,472.1613935,228,3.645551443,,
249,37.4,-121.8,249,460.3874981,428,3.402159691,,
285,37.4,-121.6,285,449.0319066,733,3.209701061,,
321,37.4,-121.4,321,438.1271951,571,3.304045916,,
357,37.4,-121.2,357,427.7078985,469,3.437752008,,
393,37.4,-121,393,417.8103793,255,3.675590754,,
429,37.4,-120.8,429,408.4726107,447,3.52071619,,
465,37.4,-120.6,465,399.7338625,447,3.630979538,,
501,37.4,-120.4,501,391.634273,466,3.423169375,,
537,37.4,-120.2,537,384.2143013,710,3.259842396,,
573,37.4,-120,573,377.5140548,710,3.281083584,,
609,37.4,-119.8,609,371.5724988,710,3.300958872,,
645,37.4,-119.6,645,366.4265665,710,3.322113037,,
681,37.4,-119.4,681,362.1102013,710,3.342692614,,
717,37.4,-119.2,717,358.6533739,710,3.35914588,,
753,37.4,-119,753,356.0811331,447,3.661462545,,
789,37.4,-118.8,789,354.4127504,691,3.369449854,,
825,37.4,-118.6,825,353.6610249,352,3.782509327,,
861,37.4,-118.4,861,353.8318022,292,3.815726042,,
897,37.4,-118.2,897,354.9237499,749,3.328853846,,
933,37.4,-118,933,356.9284091,669,3.382503748,,
969,37.4,-117.8,969,359.8305176,586,3.447665215,,
1005,37.4,-117.6,1005,363.6085752,558,3.469299555,,
1041,37.4,-117.4,1041,368.2356059,298,3.750958204,,
1077,37.4,-117.2,1077,373.6800555,441,3.556302309,,
1113,37.4,-117,1113,379.9067601,406,3.576330662,,
1149,37.4,-116.8,1149,386.8779254,436,3.521040916,,
1185,37.4,-116.6,1185,394.5540649,432,3.500756741,,
1221,37.4,-116.4,1221,402.8948549,584,3.332771063,,
1257,37.4,-116.2,1257,411.8598831,305,3.608962297,,
1293,37.4,-116,1293,421.4092754,544,3.315066338,,
1329,37.4,-115.8,1329,431.504198,650,3.204629183,,
1365,37.4,-115.6,1365,442.1072427,428,3.375746489,,
1401,37.4,-115.4,1401,453.1827027,595,3.191796064,,
1437,37.4,-115.2,1437,464.6967564,434,3.311100245,,
1473,37.4,-115,1473,476.6175722,626,3.107487917,,
1509,37.4,-114.8,1509,488.9153497,521,3.163366318,,
1545,37.4,-114.6,1545,501.5623122,533,3.120690107,,
1581,37.4,-114.4,1581,514.532661,587,3.041825295,,
1617,37.4,-114.2,1617,527.8025035,909,2.80172658,,
1653,37.4,-114,1653,541.3497627,832,,,
34,37.6,-123,34,550.8115918,600,,,
70,37.6,-122.8,70,537.7617928,600,,,
106,37.6,-122.6,106,525.0074908,600,3.030916929,,
142,37.6,-122.4,142,512.5708002,412,3.321151733,,
178,37.6,-122.2,178,500.4754537,600,3.126370907,,
214,37.6,-122,214,488.7468468,460,3.141471386,,
250,37.6,-121.8,250,477.4120606,504,3.366764307,,
286,37.6,-121.6,286,466.4998517,733,3.176408768,,
322,37.6,-121.4,322,456.0406032,409,3.420953751,,
358,37.6,-121.2,358,446.0662243,228,3.865384579,,
394,37.6,-121,394,436.6099901,428,4.104886055,,
430,37.6,-120.8,430,427.7063102,447,3.641517162,,
466,37.6,-120.6,466,419.3904169,468,3.343374014,,
502,37.6,-120.4,502,411.6979657,472,3.380035877,,
538,37.6,-120.2,538,404.6645453,710,3.228347778,,
574,37.6,-120,574,398.3250979,710,3.24909687,,
610,37.6,-119.8,610,392.7132599,710,3.26708889,,
646,37.6,-119.6,646,387.8606393,694,3.295235395,,
682,37.6,-119.4,682,383.796056,710,3.298064232,,
718,37.6,-119.2,718,380.544779,709,3.310837269,,
754,37.6,-119,754,378.127802,522,3.409398794,,
790,37.6,-118.8,790,376.5612006,356,3.608544827,,
826,37.6,-118.6,826,375.8556148,491,3.437245369,,
862,37.6,-118.4,862,376.0158947,406,3.58226943,,
898,37.6,-118.2,898,377.0409353,760,3.273255587,,
934,37.6,-118,934,378.9237146,360,3.633590937,,
970,37.6,-117.8,970,381.6515307,688,3.323620796,,
1006,37.6,-117.6,1006,385.2064203,501,3.466999292,,
1042,37.6,-117.4,1042,389.5657279,572,3.391943932,,
1078,37.6,-117.2,1078,394.7027829,389,3.558102369,,
1114,37.6,-117,1114,400.5876445,249,3.743589878,,
1150,37.6,-116.8,1150,407.1878669,412,3.494467259,,
1186,37.6,-116.6,1186,414.4692491,304,3.611181974,,
1222,37.6,-116.4,1222,422.396537,428,3.431559563,,
1258,37.6,-116.2,1258,430.9340541,319,3.541367292,,
1294,37.6,-116,1294,440.0462494,391,3.423193455,,
1330,37.6,-115.8,1330,449.6981531,461,3.321757078,,
1366,37.6,-115.6,1366,459.8557436,526,3.233605623,,
1402,37.6,-115.4,1402,470.486228,873,2.964974165,,
1438,37.6,-115.2,1438,481.5582466,605,3.110758543,,
1474,37.6,-115,1474,493.0420095,527,3.148207665,,
1510,37.6,-114.8,1510,504.9093765,441,3.201912403,,
1546,37.6,-114.6,1546,517.1338909,400,3.216168404,,
1582,37.6,-114.4,1582,529.6907765,541,3.043897867,,
1618,37.6,-114.2,1618,542.5569056,352,3.212230206,,
1654,37.6,-114,1654,555.7107471,766,,,
35,37.8,-123,35,565.8154034,600,,,
71,37.8,-122.8,71,553.1532736,600,,,
107,37.8,-122.6,107,540.7948756,600,,,
143,37.8,-122.4,143,528.7615608,219,,,
179,37.8,-122.2,179,517.0760779,592,,,
215,37.8,-122,215,505.7625882,463,,,
251,37.8,-121.8,251,494.8466559,492,,,
287,37.8,-121.6,287,484.3552086,436,,,
323,37.8,-121.4,323,474.3164607,219,,,
359,37.8,-121.2,359,464.7597913,447,,,
395,37.8,-121,395,455.7155717,447,,,
431,37.8,-120.8,431,447.2149326,468,,,
467,37.8,-120.6,467,439.2894683,710,,,
503,37.8,-120.4,503,431.9708728,679,,,
539,37.8,-120.2,539,425.2905088,710,,,
575,37.8,-120,575,419.278913,710,,,
611,37.8,-119.8,611,413.9652478,710,,,
647,37.8,-119.6,647,409.376714,707,,,
683,37.8,-119.4,683,405.537946,710,,,
719,37.8,-119.2,719,402.4704145,710,,,
755,37.8,-119,755,400.1918679,352,,,
791,37.8,-118.8,791,398.7158427,526,,,
827,37.8,-118.6,827,398.0512726,635,,,
863,37.8,-118.4,863,398.2022233,856,,,
899,37.8,-118.2,899,399.167769,900,,,
935,37.8,-118,935,400.9420205,253,,,
971,37.8,-117.8,971,403.5143029,512,,,
1007,37.8,-117.6,1007,406.8694701,300,,,
1043,37.8,-117.4,1043,410.9883349,440,,,
1079,37.8,-117.2,1079,415.8481882,358,,,
1115,37.8,-117,1115,421.4233755,466,,,
1151,37.8,-116.8,1151,427.6858999,366,,,
1187,37.8,-116.6,1187,434.606024,325,,,
1223,37.8,-116.4,1223,442.1528439,513,,,
1259,37.8,-116.2,1259,450.2948202,372,,,
1295,37.8,-116,1295,459.0002489,365,,,
1331,37.8,-115.8,1331,468.2376686,335,,,
1367,37.8,-115.6,1367,477.9761984,798,,,
1403,37.8,-115.4,1403,488.1858104,414,,,
1439,37.8,-115.2,1439,498.8375392,369,,,
1475,37.8,-115,1475,509.9036348,463,,,
1511,37.8,-114.8,1511,521.3576674,190,,,
1547,37.8,-114.6,1547,533.1745888,456,,,
1583,37.8,-114.4,1583,545.3307609,304,,,
1619,37.8,-114.2,1619,557.8039546,631,,,
1655,37.8,-114,1655,570.5733284,786,,,
36,38,-123,36,581.2791919,565,,,
72,38,-122.8,72,568.9940516,385,,,
108,38,-122.6,108,557.0191503,671,,,
144,38,-122.4,144,545.3749768,600,,,
180,38,-122.2,180,534.0832143,376,,,
216,38,-122,216,523.1667314,431,,,
252,38,-121.8,252,512.6495504,446,,,
288,38,-121.6,288,502.5567869,356,,,
324,38,-121.4,324,492.9145562,435,,,
360,38,-121.2,360,483.7498418,447,,,
396,38,-121,396,475.0903188,456,,,
432,38,-120.8,432,466.964131,710,,,
468,38,-120.6,468,459.3996168,707,,,
504,38,-120.4,504,452.4249831,710,,,
540,38,-120.2,540,446.067931,710,,,
576,38,-120,576,440.3552351,468,,,
612,38,-119.8,612,435.3122891,559,,,
648,38,-119.6,648,430.9626266,699,,,
684,38,-119.4,684,427.3274373,710,,,
720,38,-119.2,720,424.4250952,719,,,
756,38,-119,756,422.2707242,319,,,
792,38,-118.8,792,420.8758196,537,,,
828,38,-118.6,828,420.24795,538,,,
864,38,-118.4,864,420.3905549,475,,,
900,38,-118.2,900,421.3028513,417,,,
936,38,-118,936,422.979855,355,,,
972,38,-117.8,972,425.4125156,309,,,
1008,38,-117.6,1008,428.5879557,446,,,
1044,38,-117.4,1044,432.4898014,458,,,
1080,38,-117.2,1080,437.0985836,387,,,
1116,38,-117,1116,442.3921894,241,,,
1152,38,-116.8,1152,448.3463405,266,,,
1188,38,-116.6,1188,454.9350772,468,,,
1224,38,-116.4,1224,462.1312309,776,,,
1260,38,-116.2,1260,469.9068665,620,,,
1296,38,-116,1296,478.2336873,231,,,
1332,38,-115.8,1332,487.0833918,551,,,
1368,38,-115.6,1368,496.4279803,377,,,
1404,38,-115.4,1404,506.2400101,507,,,
1440,38,-115.2,1440,516.4928011,415,,,
1476,38,-115,1476,527.1605945,477,,,
1512,38,-114.8,1512,538.2186702,271,,,
1548,38,-114.6,1548,549.6434275,900,,,
1584,38,-114.4,1584,561.4124339,333,,,
1620,38,-114.2,1620,573.5044481,566,,,
1656,38,-114,1656,585.8994218,538,,,