"","lat","lon","grid_id","EpiDist","VS30"
"1",31,-123,1,549.843675790046,600
"37",31,-122.8,37,535.690926198972,600
"73",31,-122.6,73,521.828854716926,600
"109",31,-122.4,109,508.281295572605,600
"145",31,-122.2,145,495.074119056705,600
"181",31,-122,181,482.235341310501,600
"217",31,-121.8,217,469.79521397443,600
"253",31,-121.6,253,457.786283484907,600
"289",31,-121.4,289,446.243407482316,600
"325",31,-121.2,325,435.203713434388,600
"361",31,-121,361,424.706482448354,600
"397",31,-120.8,397,414.792939731593,600
"433",31,-120.6,433,405.505932793419,600
"469",31,-120.4,469,396.889479911922,600
"505",31,-120.2,505,388.98817533232,600
"541",31,-120,541,381.846444764385,600
"577",31,-119.8,577,375.507655392353,600
"613",31,-119.6,613,370.013098673938,600
"649",31,-119.4,649,365.400880792791,600
"685",31,-119.2,685,361.704772920044,600
"721",31,-119,721,358.953088739034,600
"757",31,-118.8,757,357.167666780685,600
"793",31,-118.6,793,356.363036966489,600
"829",31,-118.4,829,356.545842376256,600
"865",31,-118.2,865,357.714568520023,600
"901",31,-118,901,359.859605411184,600
"937",31,-117.8,937,362.963636595086,600
"973",31,-117.6,973,367.002319115653,600
"1009",31,-117.4,1009,371.945194085441,600
"1045",31,-117.2,1045,377.756752493808,600
"1081",31,-117,1081,384.39757642083,600
"1117",31,-116.8,1117,391.825481031496,600
"1153",31,-116.6,1153,399.996595125517,600
"1189",31,-116.4,1189,408.866334412517,600
"1225",31,-116.2,1225,418.390238985476,250
"1261",31,-116,1261,428.52466228004,325
"1297",31,-115.8,1297,439.227311664541,475
"1333",31,-115.6,1333,450.457650121503,900
"1369",31,-115.4,1369,462.17717434998,900
"1405",31,-115.2,1405,474.349587548899,315
"1441",31,-115,1441,486.940885825641,683
"1477",31,-114.8,1477,499.919376312554,600
"1513",31,-114.6,1513,513.255643277827,600
"1549",31,-114.4,1549,526.922476263823,600
"1585",31,-114.2,1585,540.894771915393,600
"1621",31,-114,1621,555.149418892103,600
"2",31.2,-123,2,535.38729911738,600
"38",31.2,-122.8,38,520.873695025553,600
"74",31.2,-122.6,74,506.637559125063,600
"110",31.2,-122.4,110,492.702996412788,600
"146",31.2,-122.2,146,479.096373297838,600
"182",31.2,-122,182,465.846477034851,600
"218",31.2,-121.8,218,452.984660985901,600
"254",31.2,-121.6,254,440.544964563959,600
"290",31.2,-121.4,290,428.564193470922,600
"326",31.2,-121.2,326,417.081942266199,600
"362",31.2,-121,362,406.140537646227,600
"398",31.2,-120.8,398,395.784877530938,600
"434",31.2,-120.6,434,386.062138828931,600
"470",31.2,-120.4,470,377.021326536074,600
"506",31.2,-120.2,506,368.712639778647,600
"542",31.2,-120,542,361.186637783558,600
"578",31.2,-119.8,578,354.49320158306,600
"614",31.2,-119.6,614,348.680305949478,600
"650",31.2,-119.4,650,343.792639877068,600
"686",31.2,-119.2,686,339.870140568422,600
"722",31.2,-119,722,336.946531298942,600
"758",31.2,-118.8,758,335.047972374272,600
"794",31.2,-118.6,794,334.191941114102,600
"830",31.2,-118.4,830,334.38644729504,600
"866",31.2,-118.2,866,335.629663790417,600
"902",31.2,-118,902,337.910011370352,600
"938",31.2,-117.8,938,341.206688637314,600
"974",31.2,-117.6,974,345.490591773885,600
"1010",31.2,-117.4,1010,350.725532589417,600
"1046",31.2,-117.2,1046,356.869642881883,600
"1082",31.2,-117,1082,363.876849942975,600
"1118",31.2,-116.8,1118,371.698319832271,600
"1154",31.2,-116.6,1154,380.283786988194,600
"1190",31.2,-116.4,1190,389.582715183516,600
"1226",31.2,-116.2,1226,399.545260812002,653
"1262",31.2,-116,1262,410.123031593018,469
"1298",31.2,-115.8,1298,421.269650312768,597
"1334",31.2,-115.6,1334,432.941143936007,553
"1370",31.2,-115.4,1370,445.096184020406,273
"1406",31.2,-115.2,1406,457.696206002589,383
"1442",31.2,-115,1442,470.705433839169,377
"1478",31.2,-114.8,1478,484.090833772819,600
"1514",31.2,-114.6,1514,497.822017505025,600
"1550",31.2,-114.4,1550,511.871111389505,600
"1586",31.2,-114.2,1586,526.21260478633,600
"1622",31.2,-114,1622,540.823187637881,600
"3",31.4,-123,3,521.47160552921,600
"39",31.4,-122.8,39,506.592289588523,600
"75",31.4,-122.6,75,491.975302532287,600
"111",31.4,-122.4,111,477.644783295271,600
"147",31.4,-122.2,147,463.627350156463,600
"183",31.4,-122,183,449.952317487778,600
"219",31.4,-121.8,219,436.651907572682,600
"255",31.4,-121.6,255,423.761446094285,600
"291",31.4,-121.4,291,411.319525651082,600
"327",31.4,-121.2,327,399.368116616037,600
"363",31.4,-121,363,387.952598995357,600
"399",31.4,-120.8,399,377.121683105325,600
"435",31.4,-120.6,435,366.927181672797,600
"471",31.4,-120.4,471,357.423592642655,600
"507",31.4,-120.2,507,348.667452309823,600
"543",31.4,-120,543,340.716424546189,600
"579",31.4,-119.8,579,333.628106082617,600
"615",31.4,-119.6,615,327.458551653596,600
"651",31.4,-119.4,651,322.26055639011,600
"687",31.4,-119.2,687,318.081773635643,600
"723",31.4,-119,723,314.962788552074,600
"759",31.4,-118.8,759,312.935302630266,600
"795",31.4,-118.6,795,312.020601331655,600
"831",31.4,-118.4,831,312.228468093249,600
"867",31.4,-118.2,867,313.55666962337,600
"903",31.4,-118,903,315.991074261012,600
"939",31.4,-117.8,939,319.50638905052,600
"975",31.4,-117.6,975,324.067428112088,600
"1011",31.4,-117.4,1011,329.630769896191,600
"1047",31.4,-117.2,1047,336.146633365408,600
"1083",31.4,-117,1083,343.560804537688,600
"1119",31.4,-116.8,1119,351.81646961923,600
"1155",31.4,-116.6,1155,360.855849628129,600
"1191",31.4,-116.4,1191,370.621573972761,565
"1227",31.4,-116.2,1227,381.057769064875,597
"1263",31.4,-116,1263,392.110868159418,635
"1299",31.4,-115.8,1299,403.730168773223,722
"1335",31.4,-115.6,1335,415.868175012064,566
"1371",31.4,-115.4,1371,428.480765869254,651
"1407",31.4,-115.2,1407,441.527229304902,532
"1443",31.4,-115,1443,454.970197713586,281
"1479",31.4,-114.8,1479,468.775514822928,600
"1515",31.4,-114.6,1515,482.91205822194,600
"1551",31.4,-114.4,1551,497.351536251451,600
"1587",31.4,-114.2,1587,512.068273231999,600
"1623",31.4,-114,1623,527.038993071303,600
"4",31.6,-123,4,508.141106551059,600
"40",31.6,-122.8,40,492.893379868155,600
"76",31.6,-122.6,76,477.890876632536,600
"112",31.6,-122.4,112,463.157483827164,600
"148",31.6,-122.2,148,448.719766071422,600
"184",31.6,-122,184,434.607246062219,600
"220",31.6,-121.8,220,420.85269316466,600
"256",31.6,-121.6,256,407.49240961993,600
"292",31.6,-121.4,292,394.566498651093,600
"328",31.6,-121.2,328,382.119092123049,600
"364",31.6,-121,364,370.198507339463,600
"400",31.6,-120.8,400,358.857293315388,600
"436",31.6,-120.6,436,348.152117218426,600
"472",31.6,-120.4,472,338.143433115728,600
"508",31.6,-120.2,508,328.894870133161,600
"544",31.6,-120,544,320.472279069582,600
"580",31.6,-119.8,580,312.94238958929,600
"616",31.6,-119.6,616,306.371058384272,600
"652",31.6,-119.4,652,300.821134462987,600
"688",31.6,-119.2,688,296.35002935975,600
"724",31.6,-119,724,293.007149929273,600
"760",31.6,-118.8,760,290.831415176718,600
"796",31.6,-118.6,796,289.84911748117,600
"832",31.6,-118.4,832,290.072384957587,600
"868",31.6,-118.2,868,291.498446683483,600
"904",31.6,-118,904,294.109801999083,600
"940",31.6,-117.8,940,297.875270291518,600
"976",31.6,-117.6,976,302.751778616146,600
"1012",31.6,-117.4,1012,308.686659095486,600
"1048",31.6,-117.2,1048,315.62019221949,600
"1084",31.6,-117,1084,323.488145958754,600
"1120",31.6,-116.8,1120,332.224110989116,600
"1156",31.6,-116.6,1156,341.76150040353,900
"1192",31.6,-116.4,1192,352.035150437186,601
"1228",31.6,-116.2,1228,362.982515030706,673
"1264",31.6,-116,1264,374.54448627659,288
"1300",31.6,-115.8,1300,386.665895038159,337
"1336",31.6,-115.6,1336,399.295754481854,900
"1372",31.6,-115.4,1372,412.387308163125,717
"1408",31.6,-115.2,1408,425.897937621981,412
"1444",31.6,-115,1444,439.788975255607,180
"1480",31.6,-114.8,1480,454.025458607959,600
"1516",31.6,-114.6,1516,468.575853346915,600
"1552",31.6,-114.4,1552,483.411764648666,600
"1588",31.6,-114.2,1588,498.50765062853,242
"1624",31.6,-114,1624,513.840546766023,240
"5",31.8,-123,5,495.443132261094,600
"41",31.8,-122.8,41,479.826953362775,600
"77",31.8,-122.6,77,464.436951774563,600
"113",31.8,-122.4,113,449.296428846195,600
"149",31.8,-122.2,149,434.431527061472,600
"185",31.8,-122,185,419.871577938592,600
"221",31.8,-121.8,221,405.6494752853,600
"257",31.8,-121.6,257,391.80206577342,600
"293",31.8,-121.4,293,378.370542967772,600
"329",31.8,-121.2,329,365.400822906088,600
"365",31.8,-121,365,352.943868700753,600
"401",31.8,-120.8,401,341.055918286846,600
"437",31.8,-120.6,437,329.79855378511,600
"473",31.8,-120.4,473,319.238534371416,600
"509",31.8,-120.2,509,309.44729995456,600
"545",31.8,-120,545,300.500045289235,600
"581",31.8,-119.8,581,292.474270464616,600
"617",31.8,-119.6,617,285.447742439024,600
"653",31.8,-119.4,653,279.495860881814,600
"689",31.8,-119.2,689,274.688512334245,600
"725",31.8,-119,725,271.08661157783,600
"761",31.8,-118.8,761,268.738646023886,600
"797",31.8,-118.6,797,267.67762338983,600
"833",31.8,-118.4,833,267.918837759301,600
"869",31.8,-118.2,869,269.458791074603,600
"905",31.8,-118,905,272.275442251533,600
"941",31.8,-117.8,941,276.329743610705,600
"977",31.8,-117.6,977,281.56822315916,600
"1013",31.8,-117.4,1013,287.926235600924,600
"1049",31.8,-117.2,1049,295.33146237223,600
"1085",31.8,-117,1085,303.707285432312,600
"1121",31.8,-116.8,1121,312.97576050852,600
"1157",31.8,-116.6,1157,323.060035145179,301
"1193",31.8,-116.4,1193,333.886164643054,836
"1229",31.8,-116.2,1229,345.384358102911,562
"1265",31.8,-116,1265,357.489733677774,599
"1301",31.8,-115.8,1301,370.142681582606,362
"1337",31.8,-115.6,1337,383.288933605476,403
"1373",31.8,-115.4,1373,396.879426915856,437
"1409",31.8,-115.2,1409,410.870034182379,402
"1445",31.8,-115,1445,425.221215530365,200
"1481",31.8,-114.8,1481,439.897632969355,600
"1517",31.8,-114.6,1517,454.867755570184,396
"1553",31.8,-114.4,1553,470.103474036261,294
"1589",31.8,-114.2,1589,485.579736143314,295
"1625",31.8,-114,1625,501.274209396193,274
"6",32,-123,6,483.427622405054,600
"42",32,-122.8,42,467.446149786988,600
"78",32,-122.6,78,451.669974900187,600
"114",32,-122.4,114,436.121438089731,600
"150",32,-122.2,150,420.825831955102,600
"186",32,-122,186,405.811816245215,600
"222",32,-121.8,222,391.111879196698,600
"258",32,-121.6,258,376.762841889369,600
"294",32,-121.4,294,362.80639638289,600
"330",32,-121.2,330,349.289659601106,600
"366",32,-121,366,336.265712204883,600
"402",32,-120.8,402,323.794074144164,600
"438",32,-120.6,438,311.941045708892,600
"474",32,-120.4,474,300.779815252482,600
"510",32,-120.2,510,290.390204943881,600
"546",32,-120,546,280.857899895975,600
"582",32,-119.8,582,272.272994421317,600
"618",32,-119.6,618,264.727707411359,600
"654",32,-119.4,654,258.313184742097,600
"690",32,-119.2,690,253.115433576392,600
"726",32,-119,726,249.210619051478,600
"762",32,-118.8,762,246.660167731823,600
"798",32,-118.6,798,245.506302172277,600
"834",32,-118.4,834,245.768697957478,600
"870",32,-118.2,870,247.44284864371,600
"906",32,-118,906,250.500444612497,600
"942",32,-117.8,942,254.891693817557,600
"978",32,-117.6,978,260.549158033722,600
"1014",32,-117.4,1014,267.392458139957,600
"1050",32,-117.2,1050,275.333163986919,600
"1086",32,-117,1086,284.279302165354,600
"1122",32,-116.8,1122,294.139116414893,411
"1158",32,-116.6,1158,304.823924490821,432
"1194",32,-116.4,1194,316.25008105488,554
"1230",32,-116.2,1230,328.340159685054,568
"1266",32,-116,1266,341.023513368339,574
"1302",32,-115.8,1302,354.236377998255,702
"1338",32,-115.6,1338,367.921664911211,341
"1374",32,-115.4,1374,382.028560109384,254
"1410",32,-115.2,1410,396.512018317101,180
"1446",32,-115,1446,411.332213970644,180
"1482",32,-114.8,1482,426.453990349097,240
"1518",32,-114.6,1518,441.846332378429,285
"1554",32,-114.4,1554,457.481877480729,296
"1590",32,-114.2,1590,473.336471254149,275
"1626",32,-114,1626,489.38876984655,286
"7",32.2,-123,7,472.146780489231,600
"43",32.2,-122.8,43,455.806942693316,600
"79",32.2,-122.6,79,439.649899217016,600
"115",32.2,-122.4,115,423.696624886038,600
"151",32.2,-122.2,151,407.971086745256,600
"187",32.2,-122,187,392.500719499939,600
"223",32.2,-121.8,223,377.316971309031,600
"259",32.2,-121.6,259,362.455923518819,600
"295",32.2,-121.4,295,347.958983230994,600
"331",32.2,-121.2,331,333.873639385126,600
"367",32.2,-121,367,320.254259656889,600
"403",32.2,-120.8,403,307.162884899654,600
"439",32.2,-120.6,439,294.669947936904,600
"475",32.2,-120.4,475,282.854802683595,600
"511",32.2,-120.2,511,271.805898332353,600
"547",32.2,-120,547,261.620376749309,600
"583",32.2,-119.8,583,252.402822401245,600
"619",32.2,-119.6,619,244.262877593671,600
"655",32.2,-119.4,655,237.311487617721,600
"691",32.2,-119.2,691,231.65570001782,600
"727",32.2,-119,727,227.392230856571,600
"763",32.2,-118.8,763,224.600398975968,600
"799",32.2,-118.6,799,223.33541067823,600
"835",32.2,-118.4,835,223.623183175243,600
"871",32.2,-118.2,871,225.457769708152,600
"907",32.2,-118,907,228.801958592677,600
"943",32.2,-117.8,943,233.590910571843,600
"979",32.2,-117.6,979,239.738043630461,600
"1015",32.2,-117.4,1015,247.142011410041,600
"1051",32.2,-117.2,1051,255.693631210369,600
"1087",32.2,-117,1087,265.281909586689,600
"1123",32.2,-116.8,1123,275.798714781254,556
"1159",32.2,-116.6,1159,287.142004581646,600
"1195",32.2,-116.4,1195,299.217759100491,770
"1231",32.2,-116.2,1231,311.940883622359,478
"1267",32.2,-116,1267,325.235368455483,314
"1303",32.2,-115.8,1303,339.033960585993,649
"1339",32.2,-115.6,1339,353.277548040133,198
"1375",32.2,-115.4,1375,367.914402230494,452
"1411",32.2,-115.2,1411,382.899375893079,180
"1447",32.2,-115,1447,398.193117523654,180
"1483",32.2,-114.8,1483,413.761336995899,207
"1519",32.2,-114.6,1519,429.574139386171,241
"1555",32.2,-114.4,1555,445.605432780652,338
"1591",32.2,-114.2,1591,461.83240909772,237
"1627",32.2,-114,1627,478.235093234791,267
"8",32.4,-123,8,461.654565847362,600
"44",32.4,-122.8,44,444.967634259278,600
"80",32.4,-122.6,80,428.439700928963,600
"116",32.4,-122.4,116,412.089961901842,600
"152",32.4,-122.2,152,395.940556438585,600
"188",32.4,-122,188,380.017089037063,600
"224",32.4,-121.8,224,364.349246401746,600
"260",32.4,-121.6,260,348.97152222828,600
"296",32.4,-121.4,296,333.924060581402,600
"332",32.4,-121.2,332,319.253623128378,600
"368",32.4,-121,368,305.014674250156,600
"404",32.4,-120.8,404,291.270557743264,600
"440",32.4,-120.6,440,278.09470494461,600
"476",32.4,-120.4,476,265.571761342497,600
"512",32.4,-120.2,512,253.798442376562,600
"548",32.4,-120,548,242.883828586222,600
"584",32.4,-119.8,584,232.948695765378,600
"620",32.4,-119.6,620,224.123378389044,600
"656",32.4,-119.4,656,216.543646087334,600
"692",32.4,-119.2,692,210.344224775216,600
"728",32.4,-119,728,205.650006500545,600
"764",32.4,-118.8,764,202.565679891443,600
"800",32.4,-118.6,800,201.165320103205,600
"836",32.4,-118.4,836,201.484047206022,600
"872",32.4,-118.2,872,203.513783309898,600
"908",32.4,-118,908,207.204245002064,600
"944",32.4,-117.8,944,212.468899270378,600
"980",32.4,-117.6,980,219.194329095591,600
"1016",32.4,-117.4,1016,227.25085418591,600
"1052",32.4,-117.2,1052,236.502453261326,600
"1088",32.4,-117,1088,246.814742566737,419
"1124",32.4,-116.8,1124,258.060560055027,642
"1160",32.4,-116.6,1160,270.123297864355,438
"1196",32.4,-116.4,1196,282.898433901494,568
"1232",32.4,-116.2,1232,296.293790424758,387
"1268",32.4,-116,1268,310.228990491639,367
"1304",32.4,-115.8,1304,324.634474006541,401
"1340",32.4,-115.6,1340,339.450323500269,184
"1376",32.4,-115.4,1376,354.625057749168,403
"1412",32.4,-115.2,1412,370.114484105709,217
"1448",32.4,-115,1448,385.880655262256,197
"1484",32.4,-114.8,1484,401.890947902791,221
"1520",32.4,-114.6,1520,418.117264207748,200
"1556",32.4,-114.4,1556,434.535348384323,249
"1592",32.4,-114.2,1592,451.124206366037,296
"1628",32.4,-114,1628,467.865615589839,259
"9",32.6,-123,9,452.006002452714,600
"45",32.6,-122.8,45,434.988132214493,600
"81",32.6,-122.6,81,418.104639057623,600
"117",32.6,-122.4,117,401.372547224716,600
"153",32.6,-122.2,153,384.811672511966,600
"189",32.6,-122,189,368.445168624724,600
"225",32.6,-121.8,225,352.300190487445,600
"261",32.6,-121.6,261,336.408698084958,600
"297",32.6,-121.4,297,320.80842655629,600
"333",32.6,-121.2,333,305.544048114464,600
"369",32.6,-121,369,290.668546396233,600
"405",32.6,-120.8,405,276.244809754242,600
"441",32.6,-120.6,441,262.347419887949,600
"477",32.6,-120.4,477,249.064555784327,600
"513",32.6,-120.2,513,236.499836578044,600
"549",32.6,-120,549,224.773776338062,600
"585",32.6,-119.8,585,214.024312683669,600
"621",32.6,-119.6,621,204.405620769954,600
"657",32.6,-119.4,657,196.08421544973,600
"693",32.6,-119.2,693,189.231350393491,600
"729",32.6,-119,729,184.011197560975,600
"765",32.6,-118.8,765,180.565437764865,600
"801",32.6,-118.6,801,178.996586769449,600
"837",32.6,-118.4,837,179.353910444011,600
"873",32.6,-118.2,873,181.626039409231,600
"909",32.6,-118,909,185.742709263952,600
"945",32.6,-117.8,945,191.585038987617,600
"981",32.6,-117.6,981,199.001078902463,600
"1017",32.6,-117.4,1017,207.822400293962,600
"1053",32.6,-117.2,1053,217.878351110958,600
"1089",32.6,-117,1089,229.006312234273,464
"1125",32.6,-116.8,1125,241.05782951123,762
"1161",32.6,-116.6,1161,253.901385038433,520
"1197",32.6,-116.4,1197,267.422841238865,327
"1233",32.6,-116.2,1233,281.524491279636,328
"1269",32.6,-116,1269,296.123410476436,618
"1305",32.6,-115.8,1305,311.149562054895,395
"1341",32.6,-115.6,1341,326.54392148345,180
"1377",32.6,-115.4,1377,342.256754506932,203
"1413",32.6,-115.2,1413,358.246104163345,201
"1449",32.6,-115,1449,374.476496805022,213
"1485",32.6,-114.8,1485,390.917853964148,215
"1521",32.6,-114.6,1521,407.544586833097,216
"1557",32.6,-114.4,1557,424.334847334701,283
"1593",32.6,-114.2,1593,441.269910681576,302
"1629",32.6,-114,1629,458.33366691432,346
"10",32.8,-123,10,443.256291132959,600
"46",32.8,-122.8,46,425.928985795917,600
"82",32.8,-122.6,82,408.711221446635,600
"118",32.8,-122.4,118,391.617514780824,600
"154",32.8,-122.2,154,374.664914121109,600
"190",32.8,-122,190,357.873540268315,600
"226",32.8,-121.8,226,341.267259605113,600
"262",32.8,-121.6,262,324.874523479097,600
"298",32.8,-121.4,298,308.729415514565,600
"334",32.8,-121.2,334,292.872956244373,600
"370",32.8,-121,370,277.354720435316,600
"406",32.8,-120.8,406,262.234822698128,600
"442",32.8,-120.6,442,247.586313595734,600
"478",32.8,-120.4,478,233.497987207587,600
"514",32.8,-120.2,514,220.077507862724,600
"550",32.8,-120,550,207.454582030279,600
"586",32.8,-119.8,586,195.783585860615,600
"622",32.8,-119.6,622,185.244577814554,600
"658",32.8,-119.4,658,176.041023266375,600
"694",32.8,-119.2,694,168.392071165619,600
"730",32.8,-119,730,162.517404209091,600
"766",32.8,-118.8,766,158.61431275504,600
"802",32.8,-118.6,802,156.830082911756,600
"838",32.8,-118.4,838,157.236868600108,600
"874",32.8,-118.2,874,159.817938791162,600
"910",32.8,-118,910,164.470951854085,600
"946",32.8,-117.8,946,171.026865071545,600
"982",32.8,-117.6,982,179.277017790406,600
"1018",32.8,-117.4,1018,188.999642498873,600
"1054",32.8,-117.2,1054,199.980055374473,453
"1090",32.8,-117,1090,212.022890961278,446
"1126",32.8,-116.8,1126,224.957546363487,660
"1162",32.8,-116.6,1162,238.639007023807,680
"1198",32.8,-116.4,1198,252.946074786448,690
"1234",32.8,-116.2,1234,267.778443427122,703
"1270",32.8,-116,1270,283.053494974424,563
"1306",32.8,-115.8,1306,298.703271225958,235
"1342",32.8,-115.6,1342,314.671814115698,220
"1378",32.8,-115.4,1378,330.912924624706,268
"1414",32.8,-115.2,1414,347.388319489732,242
"1450",32.8,-115,1450,364.066136233959,374
"1486",32.8,-114.8,1486,380.919729950069,367
"1522",32.8,-114.6,1522,397.926708278626,300
"1558",32.8,-114.4,1558,415.068157982953,560
"1594",32.8,-114.2,1594,432.328024363134,414
"1630",32.8,-114,1630,449.692612097068,321
"11",33,-123,11,435.459724606174,600
"47",33,-122.8,47,417.850172095481,600
"83",33,-122.6,83,400.325855771459,600
"119",33,-122.4,119,382.898548987168,600
"155",33,-122.2,155,365.582195154531,600
"191",33,-122,191,348.393408449179,600
"227",33,-121.8,227,331.352111211672,600
"263",33,-121.6,263,314.482349857033,600
"299",33,-121.4,299,297.813344344157,600
"335",33,-121.2,335,281.38084305131,600
"371",33,-121,371,265.228875185831,600
"407",33,-120.8,407,249.412015028856,600
"443",33,-120.6,443,233.998291164879,600
"479",33,-120.4,479,219.072876333578,600
"515",33,-120.2,515,204.742650972406,600
"551",33,-120,551,191.14158860731,600
"587",33,-119.8,587,178.436561713259,600
"623",33,-119.6,623,166.832459797994,600
"659",33,-119.4,659,156.574299019424,600
"695",33,-119.2,695,147.9423649805,600
"731",33,-119,731,141.235180403894,600
"767",33,-118.8,767,136.736304022098,600
"803",33,-118.6,803,134.667256548994,600
"839",33,-118.4,839,135.139697078792,600
"875",33,-118.2,875,138.127548237474,600
"911",33,-118,911,143.473734547262,600
"947",33,-117.8,947,150.927833333014,600
"983",33,-117.6,983,160.195837955108,600
"1019",33,-117.4,1019,170.983006787191,600
"1055",33,-117.2,1055,183.020883703756,316
"1091",33,-117,1091,196.079209432511,669
"1127",33,-116.8,1127,209.967634707825,605
"1163",33,-116.6,1163,224.532128151053,710
"1199",33,-116.4,1199,239.64940972181,548
"1235",33,-116.2,1235,255.221218632853,433
"1271",33,-116,1271,271.16920984801,689
"1307",33,-115.8,1307,287.430718622207,442
"1343",33,-115.6,1343,303.955374056997,228
"1379",33,-115.4,1379,320.702444778467,229
"1415",33,-115.2,1415,337.638778758601,249
"1451",33,-115,1451,354.737210129955,422
"1487",33,-114.8,1487,371.975326900717,399
"1523",33,-114.6,1523,389.334515301933,345
"1559",33,-114.4,1559,406.799215564252,318
"1595",33,-114.2,1595,424.356339366009,358
"1631",33,-114,1631,441.994811228322,694
"12",33.2,-123,12,428.66842255299,600
"48",33.2,-122.8,48,410.809645910018,600
"84",33.2,-122.6,84,393.013190440672,600
"120",33.2,-122.4,120,375.28799386458,600
"156",33.2,-122.2,156,357.644722873056,600
"192",33.2,-122,192,340.096199391994,600
"228",33.2,-121.8,228,322.657954304474,600
"264",33.2,-121.6,264,305.348953047557,600
"300",33.2,-121.4,300,288.192554780012,600
"336",33.2,-121.2,336,271.217791148867,600
"372",33.2,-121,372,254.461084660136,600
"408",33.2,-120.8,408,237.968573181802,600
"444",33.2,-120.6,444,221.799268209563,600
"480",33.2,-120.4,480,206.029347877255,600
"516",33.2,-120.2,516,190.757955474195,600
"552",33.2,-120,552,176.114889476255,600
"588",33.2,-119.8,588,162.270399357589,600
"624",33.2,-119.6,624,149.446645322236,600
"660",33.2,-119.4,660,137.928681461142,600
"696",33.2,-119.2,696,128.069352481007,600
"732",33.2,-119,732,120.277276599883,600
"768",33.2,-118.8,768,114.973566944767,600
"804",33.2,-118.6,804,112.510698230844,600
"840",33.2,-118.4,840,113.074460997944,600
"876",33.2,-118.2,876,116.620967923825,600
"912",33.2,-118,912,122.892243237296,600
"948",33.2,-117.8,948,131.499003639954,600
"984",33.2,-117.6,984,142.017236537852,600
"1020",33.2,-117.4,1020,154.055883359027,600
"1056",33.2,-117.2,1056,167.286980222477,708
"1092",33.2,-117,1092,181.449814491669,649
"1128",33.2,-116.8,1128,196.342814841188,710
"1164",33.2,-116.6,1164,211.811968296302,685
"1200",33.2,-116.4,1200,227.739848068041,709
"1236",33.2,-116.2,1236,244.0365958386,511
"1272",33.2,-116,1272,260.632972160334,465
"1308",33.2,-115.8,1308,277.475161325563,600
"1344",33.2,-115.6,1344,294.520938134213,248
"1380",33.2,-115.4,1380,311.73684911631,294
"1416",33.2,-115.2,1416,329.096135253485,710
"1452",33.2,-115,1452,346.577192890507,442
"1488",33.2,-114.8,1488,364.162425156168,480
"1524",33.2,-114.6,1524,381.83737776827,415
"1560",33.2,-114.4,1560,399.59008317174,361
"1596",33.2,-114.2,1596,417.410558408774,516
"1632",33.2,-114,1632,435.290417337369,302
"13",33.4,-123,13,422.930925935583,600
"49",33.4,-122.8,49,404.86169461462,600
"85",33.4,-122.6,85,386.834186688963,600
"121",33.4,-122.4,121,368.854592929588,600
"157",33.4,-122.2,157,350.930351076294,600
"193",33.4,-122,193,333.070470735507,600
"229",33.4,-121.8,229,315.28596286196,600
"265",33.4,-121.6,265,297.590414093927,600
"301",33.4,-121.4,301,280.000764245937,600
"337",33.4,-121.2,337,262.538372416441,600
"373",33.4,-121,373,245.230498441925,600
"409",33.4,-120.8,409,228.112389576499,600
"445",33.4,-120.6,445,211.230258985955,600
"481",33.4,-120.4,481,194.645589361032,600
"517",33.4,-120.2,517,178.441410889089,600
"553",33.4,-120,553,162.731496985909,600
"589",33.4,-119.8,589,147.673743959227,600
"625",33.4,-119.6,625,133.489094633288,600
"661",33.4,-119.4,661,120.48637413047,600
"697",33.4,-119.2,697,109.08909665398,600
"733",33.4,-119,733,99.8485965341864,600
"769",33.4,-118.8,769,93.4072122353134,600
"805",33.4,-118.6,805,90.3655404888597,600
"841",33.4,-118.4,841,91.0648953728483,715
"877",33.4,-118.2,877,95.4230559309452,600
"913",33.4,-118,913,102.976507727507,600
"949",33.4,-117.8,949,113.086754917296,600
"985",33.4,-117.6,985,125.135567863321,413
"1021",33.4,-117.4,1021,138.618321068154,520
"1057",33.4,-117.2,1057,153.156738328603,700
"1093",33.4,-117,1093,168.47770481384,705
"1129",33.4,-116.8,1129,184.386203157056,652
"1165",33.4,-116.6,1165,200.742546561142,692
"1201",33.4,-116.4,1201,217.445642641818,694
"1237",33.4,-116.2,1237,234.421325962567,659
"1273",33.4,-116,1273,251.614373069225,600
"1309",33.4,-115.8,1309,268.983047734506,347
"1345",33.4,-115.6,1345,286.495350106428,352
"1381",33.4,-115.4,1381,304.126409574565,447
"1417",33.4,-115.2,1417,321.856649384688,437
"1453",33.4,-115,1453,339.670477045055,442
"1489",33.4,-114.8,1489,357.555337200389,401
"1525",33.4,-114.6,1525,375.501017577448,304
"1561",33.4,-114.4,1561,393.49913392259,336
"1597",33.4,-114.2,1597,411.542743161596,316
"1633",33.4,-114,1633,429.626049554765,525
"14",33.6,-123,14,418.290713816126,600
"50",33.6,-122.8,50,400.05517214556,600
"86",33.6,-122.6,86,381.844007228686,600
"122",33.6,-122.4,122,363.660955622942,600
"158",33.6,-122.2,158,345.51053038984,600
"194",33.6,-122,194,327.398232484365,600
"230",33.6,-121.8,230,309.330834208,600
"266",33.6,-121.6,266,291.316764634989,600
"302",33.6,-121.4,302,273.366641713816,600
"338",33.6,-121.2,338,255.494019098961,600
"374",33.6,-121,374,237.716453379711,600
"410",33.6,-120.8,410,220.057059210155,600
"446",33.6,-120.6,446,202.546823645557,600
"482",33.6,-120.4,482,185.228128701954,600
"518",33.6,-120.2,518,168.160240437855,600
"554",33.6,-120,554,151.428065602855,600
"590",33.6,-119.8,590,135.156419412497,600
"626",33.6,-119.6,626,119.533594098828,600
"662",33.6,-119.4,662,104.850089991833,600
"698",33.6,-119.2,698,91.5590190098284,600
"734",33.6,-119,734,80.3543887385305,600
"770",33.6,-118.8,770,72.2140578970162,600
"806",33.6,-118.6,806,68.2435768158798,600
"842",33.6,-118.4,842,69.164852058055,600
"878",33.6,-118.2,878,74.7973437275636,600
"914",33.6,-118,914,84.2008331752379,600
"950",33.6,-117.8,950,96.2766021778594,466
"986",33.6,-117.6,986,110.149198013224,430
"1022",33.6,-117.4,1022,125.222819550687,703
"1058",33.6,-117.2,1058,141.113063931504,643
"1094",33.6,-117,1094,157.573019900485,642
"1130",33.6,-116.8,1130,174.441437896637,662
"1166",33.6,-116.6,1166,191.610416038521,453
"1202",33.6,-116.4,1202,209.005841063059,680
"1238",33.6,-116.2,1238,226.5755039962,228
"1274",33.6,-116,1274,244.281752773707,461
"1310",33.6,-115.8,1310,262.096846884844,710
"1346",33.6,-115.6,1346,279.999950010065,447
"1382",33.6,-115.4,1382,297.975137356218,710
"1418",33.6,-115.2,1418,316.010045955877,352
"1454",33.6,-115,1454,334.094941535267,295
"1490",33.6,-114.8,1490,352.222061048649,311
"1526",33.6,-114.6,1526,370.385141298912,222
"1562",33.6,-114.4,1562,388.579075520382,493
"1598",33.6,-114.2,1598,406.799659478126,307
"1634",33.6,-114,1634,425.043401191598,900
"15",33.8,-123,15,414.784728489797,600
"51",33.8,-122.8,51,396.431718205569,600
"87",33.8,-122.6,87,378.08985242374,600
"123",33.8,-122.4,123,359.76091109593,600
"159",33.8,-122.2,159,341.44705119718,600
"195",33.8,-122,195,323.150912703205,600
"231",33.8,-121.8,231,304.875762220068,600
"267",33.8,-121.6,267,286.625690742486,600
"303",33.8,-121.4,303,268.405890735993,600
"339",33.8,-121.2,339,250.223051961768,600
"375",33.8,-121,375,232.085939296154,600
"411",33.8,-120.8,411,214.006256927417,600
"447",33.8,-120.6,447,195.999976649671,600
"483",33.8,-120.4,483,178.089443537332,600
"519",33.8,-120.2,519,160.306833011176,600
"555",33.8,-120,555,142.700056838907,600
"591",33.8,-119.8,591,125.343315633458,600
"627",33.8,-119.6,627,108.356910727101,600
"663",33.8,-119.4,663,91.946404711922,600
"699",33.8,-119.2,699,76.483481976017,600
"735",33.8,-119,735,62.6735594709365,600
"771",33.8,-118.8,771,51.8546506025014,600
"807",33.8,-118.6,807,46.1791829178261,600
"843",33.8,-118.4,843,47.5269777597269,253
"879",33.8,-118.2,879,55.3876732475021,228
"915",33.8,-118,915,67.5237443418058,228
"951",33.8,-117.8,951,82.0596919074487,464
"987",33.8,-117.6,987,97.9326146798707,703
"1023",33.8,-117.4,1023,114.588206662111,615
"1059",33.8,-117.2,1059,131.72987439127,254
"1095",33.8,-117,1095,149.190110347822,278
"1131",33.8,-116.8,1131,166.868888839058,694
"1167",33.8,-116.6,1167,184.703409862416,699
"1203",33.8,-116.4,1203,202.652500048791,331
"1239",33.8,-116.2,1239,220.688146565625,368
"1275",33.8,-116,1275,238.790676689324,710
"1311",33.8,-115.8,1311,256.945892691483,361
"1347",33.8,-115.6,1347,275.143303021086,455
"1383",33.8,-115.4,1383,293.374993168186,313
"1419",33.8,-115.2,1419,311.634883291196,253
"1455",33.8,-115,1455,329.918227211793,418
"1491",33.8,-114.8,1491,348.221266354247,400
"1527",33.8,-114.6,1527,366.540985695301,491
"1563",33.8,-114.4,1563,384.874938415571,485
"1599",33.8,-114.2,1599,403.221117776186,292
"1635",33.8,-114,1635,421.577862064613,349
"16",34,-123,16,412.442011314498,600
"52",34,-122.8,52,394.024093811815,600
"88",34,-122.6,88,375.608912789991,600
"124",34,-122.4,124,357.196967629668,600
"160",34,-122.2,160,338.788862317697,600
"196",34,-122,196,320.385335438812,600
"232",34,-121.8,232,301.987301095879,600
"268",34,-121.6,268,283.595905696442,600
"304",34,-121.4,304,265.212608263211,600
"340",34,-121.2,340,246.839296452037,600
"376",34,-121,376,228.478458227482,600
"412",34,-120.8,412,210.133442943805,600
"448",34,-120.6,448,191.808871082701,600
"484",34,-120.4,484,173.511301227737,600
"520",34,-120.2,520,155.250363433351,428
"556",34,-120,556,137.040786305343,600
"592",34,-119.8,592,118.906254441414,710
"628",34,-119.6,628,100.887332377175,385
"664",34,-119.4,664,83.0593869054323,600
"700",34,-119.2,700,65.5784542905703,600
"736",34,-119,736,48.8188440204533,600
"772",34,-118.8,772,33.8689635464308,600
"808",34,-118.6,808,24.3314587277679,600
"844",34,-118.4,844,26.7959182425102,296
"880",34,-118.2,880,39.0526601000311,293
"916",34,-118,916,54.893386405046,576
"952",34,-117.8,952,71.9898351386928,412
"988",34,-117.6,988,89.6262206423805,294
"1024",34,-117.4,1024,107.537166320304,336
"1060",34,-117.2,1060,125.605218733878,491
"1096",34,-117,1096,143.771102049503,696
"1132",34,-116.8,1132,162.001851293637,695
"1168",34,-116.6,1168,180.277729419444,431
"1204",34,-116.4,1204,198.586216834387,707
"1240",34,-116.2,1240,216.918995508373,418
"1276",34,-116,1276,235.270324973841,710
"1312",34,-115.8,1312,253.63611593699,679
"1348",34,-115.6,1348,272.013375902067,467
"1384",34,-115.4,1384,290.399863738247,419
"1420",34,-115.2,1420,308.793866876729,454
"1456",34,-115,1456,327.194053250232,384
"1492",34,-114.8,1492,345.599370304951,248
"1528",34,-114.6,1528,364.00897452163,493
"1564",34,-114.4,1564,382.422181218045,194
"1600",34,-114.2,1600,400.838428141294,396
"1636",34,-114,1636,419.257248627159,300
"17",34.2,-123,17,411.282557584209,600
"53",34.2,-122.8,53,392.854775285973,600
"89",34.2,-122.6,89,374.426625975114,600
"125",34.2,-122.4,125,355.998129270809,600
"161",34.2,-122.2,161,337.56930518257,600
"197",34.2,-122,197,319.140174224882,600
"233",34.2,-121.8,233,300.710757573916,600
"269",34.2,-121.6,269,282.281077285476,600
"305",34.2,-121.4,305,263.851156604229,600
"341",34.2,-121.2,341,245.421020412107,600
"377",34.2,-121,377,226.990695895058,600
"413",34.2,-120.8,413,208.560213563136,600
"449",34.2,-120.6,449,190.12960886381,600
"485",34.2,-120.4,485,171.698924834091,600
"521",34.2,-120.2,521,153.268216666013,600
"557",34.2,-120,557,134.837560016088,600
"593",34.2,-119.8,593,116.407067207946,600
"629",34.2,-119.6,629,97.9769217207495,600
"665",34.2,-119.4,665,79.5474606157121,600
"701",34.2,-119.2,701,61.119406064636,228
"737",34.2,-119,737,42.6946963299901,414
"773",34.2,-118.8,773,24.2810985643726,498
"809",34.2,-118.6,809,5.98251663510529,294
"845",34.2,-118.4,845,12.7080880020593,294
"881",34.2,-118.2,881,31.0915784344556,429
"917",34.2,-118,917,49.5112073292102,666
"953",34.2,-117.8,953,67.9375447611507,705
"989",34.2,-117.6,989,86.3662487676398,707
"1025",34.2,-117.4,1025,104.796018597833,668
"1061",34.2,-117.2,1061,123.22632098264,526
"1097",34.2,-117,1097,141.656890926586,672
"1133",34.2,-116.8,1133,160.087577288806,581
"1169",34.2,-116.6,1169,178.518284011215,702
"1205",34.2,-116.4,1205,196.948944344284,447
"1241",34.2,-116.2,1241,215.379508305749,404
"1277",34.2,-116,1277,233.809936070634,294
"1313",34.2,-115.8,1313,252.240194259015,352
"1349",34.2,-115.6,1349,270.670253740302,352
"1385",34.2,-115.4,1385,289.100088277296,352
"1421",34.2,-115.2,1421,307.529673657736,461
"1457",34.2,-115,1457,325.958987120375,352
"1493",34.2,-114.8,1493,344.388006965236,703
"1529",34.2,-114.6,1529,362.816712282613,399
"1565",34.2,-114.4,1565,381.245082760538,418
"1601",34.2,-114.2,1601,399.6730985455,484
"1637",34.2,-114,1637,418.100740139883,610
"18",34.4,-123,18,411.316490744223,600
"54",34.4,-122.8,54,392.934940204395,600
"90",34.4,-122.6,90,374.555418172166,600
"126",34.4,-122.4,126,356.178315459593,600
"162",34.4,-122.2,162,337.804103974484,600
"198",34.4,-122,198,319.433360009645,600
"234",34.4,-121.8,234,301.066796035995,600
"270",34.4,-121.6,270,282.705304851859,600
"306",34.4,-121.4,306,264.350022069588,600
"342",34.4,-121.2,342,246.002416468886,600
"378",34.4,-121,378,227.664423846966,600
"414",34.4,-120.8,414,209.338650859488,600
"450",34.4,-120.6,450,191.028695486073,600
"486",34.4,-120.4,486,172.739669852463,600
"522",34.4,-120.2,522,154.479091240761,600
"558",34.4,-120,558,136.258481953785,600
"594",34.4,-119.8,594,118.096430394917,600
"630",34.4,-119.6,630,100.024928983596,600
"666",34.4,-119.4,666,82.1038842102948,464
"702",34.4,-119.2,702,64.459007591727,385
"738",34.4,-119,738,47.3998312298676,420
"774",34.4,-118.8,774,31.8809694259964,294
"810",34.4,-118.6,810,21.5389195375784,511
"846",34.4,-118.4,846,24.2761749250647,508
"882",34.4,-118.2,882,37.3178049804635,622
"918",34.4,-118,918,53.6076453899712,638
"954",34.4,-117.8,954,70.9423016460303,725
"990",34.4,-117.6,990,88.7113395625402,472
"1026",34.4,-117.4,1026,106.697907548009,383
"1062",34.4,-117.2,1062,124.807939175448,585
"1098",34.4,-117,1098,142.994475957866,373
"1134",34.4,-116.8,1134,161.231572711198,371
"1170",34.4,-116.6,1170,179.503759997308,294
"1206",34.4,-116.4,1206,197.801252498047,358
"1242",34.4,-116.2,1242,216.11756109794,364
"1278",34.4,-116,1278,234.448213189236,671
"1314",34.4,-115.8,1314,252.790025236986,709
"1350",34.4,-115.6,1350,271.140668607755,461
"1386",34.4,-115.4,1386,289.498399585982,294
"1422",34.4,-115.2,1422,307.861885514908,685
"1458",34.4,-115,1458,326.230089409791,348
"1494",34.4,-114.8,1494,344.602191338382,522
"1530",34.4,-114.6,1530,362.977533600513,405
"1566",34.4,-114.4,1566,381.355581711416,430
"1602",34.4,-114.2,1602,399.735896120719,391
"1638",34.4,-114,1638,418.118111373904,400
"19",34.6,-123,19,412.543633264925,600
"55",34.6,-122.8,55,394.263948789449,600
"91",34.6,-122.6,91,375.994070448013,600
"127",34.6,-122.4,127,357.735577329564,600
"163",34.6,-122.2,163,339.490383291069,600
"199",34.6,-122,199,321.260831344824,600
"235",34.6,-121.8,235,303.049821711866,600
"271",34.6,-121.6,271,284.860988346829,600
"307",34.6,-121.4,307,266.698946623489,600
"343",34.6,-121.2,343,248.569647771307,600
"379",34.6,-121,379,230.480897350585,600
"415",34.6,-120.8,415,212.443132667575,600
"451",34.6,-120.6,451,194.470621474127,531
"487",34.6,-120.4,487,176.583369847834,385
"523",34.6,-120.2,523,158.810270829621,364
"559",34.6,-120,559,141.194520637558,514
"595",34.6,-119.8,595,123.803387208007,652
"631",34.6,-119.6,631,106.746794485054,500
"667",34.6,-119.4,667,90.2147787528629,394
"703",34.6,-119.2,703,74.5571986564705,428
"739",34.6,-119,739,60.4573971406605,690
"775",34.6,-118.8,775,49.2714593310475,707
"811",34.6,-118.6,811,43.3188198554472,497
"847",34.6,-118.4,847,44.7395726456315,569
"883",34.6,-118.2,883,52.9434022177981,635
"919",34.6,-118,919,65.426603683113,294
"955",34.6,-117.8,955,80.2155440354946,294
"991",34.6,-117.6,991,96.253179502862,294
"1027",34.6,-117.4,1027,113.009082096881,294
"1063",34.6,-117.2,1063,130.206198306873,296
"1099",34.6,-117,1099,147.690428304002,662
"1135",34.6,-116.8,1135,165.370672533301,353
"1171",34.6,-116.6,1171,183.190127195202,523
"1207",34.6,-116.4,1207,201.111731488434,415
"1243",34.6,-116.2,1243,219.110360431751,519
"1279",34.6,-116,1279,237.16841648774,352
"1315",34.6,-115.8,1315,255.273225502571,352
"1351",34.6,-115.6,1351,273.415436606018,352
"1387",34.6,-115.4,1387,291.588004518945,294
"1423",34.6,-115.2,1423,309.785522399295,670
"1459",34.6,-115,1459,328.003772658551,393
"1495",34.6,-114.8,1495,346.239417293657,357
"1531",34.6,-114.6,1531,364.489779850805,653
"1567",34.6,-114.4,1567,382.752688977691,442
"1603",34.6,-114.2,1603,401.026364240342,739
"1639",34.6,-114,1639,419.309331493281,332
"20",34.8,-123,20,414.953515927588,600
"56",34.8,-122.8,56,396.829375880149,600
"92",34.8,-122.6,92,378.727783892102,600
"128",34.8,-122.4,128,360.652211374199,600
"164",34.8,-122.2,164,342.606853026712,600
"200",34.8,-122,200,324.596824547299,600
"236",34.8,-121.8,236,306.628428096019,600
"272",34.8,-121.6,272,288.709513832256,600
"308",34.8,-121.4,308,270.849979965926,600
"344",34.8,-121.2,344,253.062476164035,600
"380",34.8,-121,380,235.363411413845,600
"416",34.8,-120.8,416,217.774427437234,600
"452",34.8,-120.6,452,200.324600255292,352
"488",34.8,-120.4,488,183.053808049748,479
"524",34.8,-120.2,524,166.018013090027,385
"560",34.8,-120,560,149.297758911238,502
"596",34.8,-119.8,596,133.012171247676,733
"632",34.8,-119.6,632,117.342444600518,468
"668",34.8,-119.4,668,102.571297024065,445
"704",34.8,-119.2,704,89.1465950501423,622
"740",34.8,-119,740,77.7688413024079,469
"776",34.8,-118.8,776,69.4514953427795,711
"812",34.8,-118.6,812,65.373333866947,294
"848",34.8,-118.4,848,66.3210566430165,285
"884",34.8,-118.2,884,72.096733888424,439
"920",34.8,-118,920,81.6825507927529,232
"956",34.8,-117.8,956,93.918991634366,710
"992",34.8,-117.6,992,107.908036268288,710
"1028",34.8,-117.4,1028,123.053362276355,447
"1064",34.8,-117.2,1064,138.977409452217,437
"1100",34.8,-117,1100,155.440982638157,424
"1136",34.8,-116.8,1136,172.289428709722,707
"1172",34.8,-116.6,1172,189.420018013553,275
"1208",34.8,-116.4,1208,206.762575873912,322
"1244",34.8,-116.2,1244,224.26787339857,398
"1280",34.8,-116,1280,241.900521854169,519
"1316",34.8,-115.8,1316,259.634514120921,531
"1352",34.8,-115.6,1352,277.450355165583,571
"1388",34.8,-115.4,1388,295.33316948892,499
"1424",34.8,-115.2,1424,313.271423985927,294
"1460",34.8,-115,1460,331.256047643917,355
"1496",34.8,-114.8,1496,349.279812843098,499
"1532",34.8,-114.6,1532,367.336892691538,385
"1568",34.8,-114.4,1568,385.422539091137,376
"1604",34.8,-114.2,1604,403.532845073881,410
"1640",34.8,-114,1640,421.664566920493,410
"21",35,-123,21,418.525824573411,600
"57",35,-122.8,57,400.607589996076,600
"93",35,-122.6,93,382.728935832772,600
"129",35,-122.4,129,364.895755611308,600
"165",35,-122.2,165,347.11513373628,600
"201",35,-122,201,329.395657185718,600
"237",35,-121.8,237,311.747828144861,600
"273",35,-121.6,273,294.184616752081,600
"309",35,-121.4,309,276.722210864789,600
"345",35,-121.2,345,259.381046589248,600
"381",35,-121,381,242.187244366505,600
"417",35,-120.8,417,225.17463870693,600
"453",35,-120.6,453,208.387687610615,352
"489",35,-120.4,489,191.885698390553,494
"525",35,-120.2,525,175.749032959638,732
"561",35,-120,561,160.08827468099,468
"597",35,-119.8,597,145.057716913954,353
"633",35,-119.6,633,130.874738794562,459
"669",35,-119.4,669,117.845827797025,359
"705",35,-119.2,705,106.395862692853,436
"741",35,-119,741,97.085162376811,505
"777",35,-118.8,777,90.5759021071902,430
"813",35,-118.6,813,87.4956014081543,703
"849",35,-118.4,849,88.2042492137936,547
"885",35,-118.2,885,92.6149096740549,295
"921",35,-118,921,100.240076191148,700
"957",35,-117.8,957,110.415750425289,228
"993",35,-117.6,993,122.507992677905,294
"1029",35,-117.4,1029,136.006517445476,422
"1065",35,-117.2,1065,150.533444051477,294
"1101",35,-117,1101,165.818656603676,355
"1137",35,-116.8,1137,181.670804141722,454
"1173",35,-116.6,1173,197.953678218808,319
"1209",35,-116.4,1209,214.569185817652,485
"1245",35,-116.2,1245,231.445640425458,341
"1281",35,-116,1281,248.529829253119,577
"1317",35,-115.8,1317,265.781635789656,352
"1353",35,-115.6,1353,283.170364367841,427
"1389",35,-115.4,1389,300.672197714772,516
"1425",35,-115.2,1425,318.268414061936,593
"1461",35,-115,1461,335.944119067385,411
"1497",35,-114.8,1497,353.687331144558,405
"1533",35,-114.6,1533,371.488312680629,290
"1569",35,-114.4,1569,389.339074663246,549
"1605",35,-114.2,1605,407.233005225989,306
"1641",35,-114,1641,425.164587880589,772
"22",35.2,-123,22,423.231240832177,600
"58",35.2,-122.8,58,405.564818048315,600
"94",35.2,-122.6,94,387.958439322498,600
"130",35.2,-122.4,130,370.42074120688,600
"166",35.2,-122.2,166,352.96203604623,600
"202",35.2,-122,202,335.594726905939,600
"238",35.2,-121.8,238,318.333847290471,600
"274",35.2,-121.6,274,301.197769485963,600
"310",35.2,-121.4,310,284.209142617675,600
"346",35.2,-121.2,346,267.39614594663,600
"382",35.2,-121,382,250.794177301137,600
"418",35.2,-120.8,418,234.448144073063,517
"454",35.2,-120.6,454,218.415587568197,474
"490",35.2,-120.4,490,202.770949509226,385
"526",35.2,-120.2,526,187.611368303561,733
"562",35.2,-120,562,173.064424231941,529
"598",35.2,-119.8,598,159.298107179704,229
"634",35.2,-119.6,634,146.532657261169,483
"670",35.2,-119.4,670,135.0522433677,294
"706",35.2,-119.2,706,125.210886534676,228
"742",35.2,-119,742,117.421474899294,228
"778",35.2,-118.8,778,112.112559007771,289
"814",35.2,-118.6,814,109.645065005333,707
"850",35.2,-118.4,850,110.210018180855,692
"886",35.2,-118.2,886,113.76224715955,659
"922",35.2,-118,922,120.036825395898,294
"958",35.2,-117.8,958,128.635974863355,710
"994",35.2,-117.6,994,139.129307353497,394
"1030",35.2,-117.4,1030,151.122727468137,354
"1066",35.2,-117.2,1066,164.287991203849,496
"1102",35.2,-117,1102,178.365758056692,415
"1138",35.2,-116.8,1138,193.156564675403,358
"1174",35.2,-116.6,1174,208.508673272402,451
"1210",35.2,-116.4,1210,224.30680849321,413
"1246",35.2,-116.2,1246,240.463019970865,693
"1282",35.2,-116,1282,256.909704102769,295
"1318",35.2,-115.8,1318,273.594422946407,494
"1354",35.2,-115.6,1354,290.47610159415,353
"1390",35.2,-115.4,1390,307.522243752812,690
"1426",35.2,-115.2,1426,324.706886862764,427
"1462",35.2,-115,1462,342.009091327545,785
"1498",35.2,-114.8,1498,359.411815748772,461
"1534",35.2,-114.6,1534,376.901072346388,432
"1570",35.2,-114.4,1570,394.46528707751,804
"1606",35.2,-114.2,1606,412.094810458727,337
"1642",35.2,-114,1642,429.781540265099,386
"23",35.4,-123,23,429.032598240573,600
"59",35.4,-122.8,59,411.658587706886,600
"95",35.4,-122.6,95,394.367555844894,600
"131",35.4,-122.4,131,377.17098854502,600
"167",35.4,-122.2,167,360.082493450053,600
"203",35.4,-122,203,343.118291069608,600
"239",35.4,-121.8,239,326.297840567993,600
"275",35.4,-121.6,275,309.644641690098,600
"311",35.4,-121.4,311,293.187267567678,600
"347",35.4,-121.2,347,276.960700092814,600
"383",35.4,-121,383,261.008060193682,600
"419",35.4,-120.8,419,245.38284828505,733
"455",35.4,-120.6,455,230.151830472508,383
"491",35.4,-120.4,491,215.39871116147,710
"527",35.4,-120.2,527,201.228694381909,514
"563",35.4,-120,563,187.773897375718,514
"599",35.4,-119.8,599,175.199237543495,386
"635",35.4,-119.6,635,163.707710475354,294
"671",35.4,-119.4,671,153.542752681547,233
"707",35.4,-119.2,707,144.983698867,228
"743",35.4,-119,743,138.329001742846,501
"779",35.4,-118.8,779,133.863003646186,468
"815",35.4,-118.6,815,131.808386796289,710
"851",35.4,-118.4,851,132.277572341229,710
"887",35.4,-118.2,887,135.244294508683,352
"923",35.4,-118,923,140.550477895147,445
"959",35.4,-117.8,959,147.944595210684,373
"995",35.4,-117.6,995,157.132141758187,355
"1031",35.4,-117.4,1031,167.818788790588,598
"1067",35.4,-117.2,1067,179.737300400422,432
"1103",35.4,-117,1103,192.659148176017,483
"1139",35.4,-116.8,1139,206.395923948998,441
"1175",35.4,-116.6,1175,220.795528769165,627
"1211",35.4,-116.4,1211,235.736478399677,444
"1247",35.4,-116.2,1247,251.122112725355,352
"1283",35.4,-116,1283,266.875477557426,710
"1319",35.4,-115.8,1319,282.935098377259,453
"1355",35.4,-115.6,1355,299.251614085092,373
"1391",35.4,-115.4,1391,315.785146404221,407
"1427",35.4,-115.2,1427,332.503263068479,644
"1463",35.4,-115,1463,349.379405858187,401
"1499",35.4,-114.8,1499,366.39167676515,559
"1535",35.4,-114.6,1535,383.521897981675,600
"1571",35.4,-114.4,1571,400.754880744253,343
"1607",35.4,-114.2,1607,418.077853606053,435
"1643",35.4,-114,1643,435.480012759827,414
"24",35.6,-123,24,435.88625280757,600
"60",35.6,-122.8,60,418.839411831322,600
"96",35.6,-122.6,96,401.899977459404,600
"132",35.6,-122.4,132,385.082196294556,600
"168",35.6,-122.2,168,368.402801115202,600
"204",35.6,-122,204,351.881542578767,600
"240",35.6,-121.8,240,335.541851142424,600
"276",35.6,-121.6,276,319.411662791496,600
"312",35.6,-121.4,312,303.524449736348,600
"348",35.6,-121.2,348,287.920504965633,600
"384",35.6,-121,384,272.648535593153,733
"420",35.6,-120.8,420,257.76762038517,385
"456",35.6,-120.6,456,243.349574008438,514
"492",35.6,-120.4,492,229.481720320134,514
"528",35.6,-120.2,528,216.269985596024,514
"564",35.6,-120,564,203.8420437618,385
"600",35.6,-119.8,600,192.349934254881,294
"636",35.6,-119.6,636,181.971096747609,228
"672",35.6,-119.4,672,172.906167738141,228
"708",35.6,-119.2,708,165.371395403894,238
"744",35.6,-119,744,159.583698890265,514
"780",35.6,-118.8,780,155.738004188173,710
"816",35.6,-118.6,816,153.979902091569,710
"852",35.6,-118.4,852,154.380737215892,710
"888",35.6,-118.2,888,156.923964966599,710
"924",35.6,-118,924,161.508400280571,626
"960",35.6,-117.8,960,167.966972761258,294
"996",35.6,-117.6,996,176.093566097116,352
"1032",35.6,-117.4,1032,185.669255529903,487
"1068",35.6,-117.2,1068,196.482252118671,709
"1104",35.6,-117,1104,208.33995385866,433
"1140",35.6,-116.8,1140,221.074277602396,709
"1176",35.6,-116.6,1176,234.542433474902,602
"1212",35.6,-116.4,1212,248.625144597582,605
"1248",35.6,-116.2,1248,263.223740057288,294
"1284",35.6,-116,1284,278.256981361636,401
"1320",35.6,-115.8,1320,293.658068273006,455
"1356",35.6,-115.6,1356,309.372012810698,494
"1392",35.6,-115.4,1392,325.353428714047,204
"1428",35.6,-115.2,1428,341.564714716487,803
"1464",35.6,-115,1464,357.974582070888,526
"1500",35.6,-114.8,1500,374.556870072698,793
"1536",35.6,-114.6,1536,391.289596498862,539
"1572",35.6,-114.4,1572,408.154196868185,275
"1608",35.6,-114.2,1608,425.13491423767,518
"1644",35.6,-114,1644,442.218308536713,239
"25",35.8,-123,25,443.743559687919,600
"61",35.8,-122.8,61,427.05257324435,600
"97",35.8,-122.6,97,410.493991989629,600
"133",35.8,-122.4,133,394.084577118854,600
"169",35.8,-122.2,169,377.843833804096,600
"205",35.8,-122,205,361.794547053639,600
"241",35.8,-121.8,241,345.963431879977,600
"277",35.8,-121.6,277,330.38192065696,600
"313",35.8,-121.4,313,315.087112535038,600
"349",35.8,-121.2,349,300.122909482342,596
"385",35.8,-121,385,285.541358443179,385
"421",35.8,-120.8,421,271.404205046864,514
"457",35.8,-120.6,457,257.784634531729,514
"493",35.8,-120.4,493,244.769120097748,499
"529",35.8,-120.2,529,232.459204637344,477
"565",35.8,-120,565,220.972895106986,385
"601",35.8,-119.8,601,210.445144163807,228
"637",35.8,-119.6,637,201.026652539461,228
"673",35.8,-119.4,673,192.880027232362,228
"709",35.8,-119.2,709,186.172342725632,269
"745",35.8,-119,745,181.063618935452,514
"781",35.8,-118.8,781,177.691843223904,710
"817",35.8,-118.6,817,176.156797162655,710
"853",35.8,-118.4,853,176.506414601516,710
"889",35.8,-118.2,889,178.729634589263,710
"925",35.8,-118,925,182.758085111847,710
"961",35.8,-117.8,961,188.476032255211,294
"997",35.8,-117.6,997,195.735446327517,352
"1033",35.8,-117.4,1033,204.372104576997,710
"1069",35.8,-117.2,1069,214.219460866517,710
"1105",35.8,-117,1105,225.118655974672,477
"1141",35.8,-116.8,1141,236.92453119354,514
"1177",35.8,-116.6,1177,249.508372945394,574
"1213",35.8,-116.4,1213,262.758384783439,591
"1249",35.8,-116.2,1249,276.578791772691,514
"1285",35.8,-116,1285,290.888253650186,401
"1321",35.8,-115.8,1321,305.618030137698,459
"1357",35.8,-115.6,1357,320.710158076232,333
"1393",35.8,-115.4,1393,336.115774118902,399
"1429",35.8,-115.2,1429,351.79363848255,461
"1465",35.8,-115,1465,367.708870692373,287
"1501",35.8,-114.8,1501,383.831885276379,527
"1537",35.8,-114.6,1537,400.137505262884,513
"1573",35.8,-114.4,1573,416.6042284075,542
"1609",35.8,-114.2,1609,433.213621842201,555
"1645",35.8,-114,1645,449.949823278977,562
"26",36,-123,26,452.552354133867,600
"62",36,-122.8,62,436.239881064372,600
"98",36,-122.6,98,420.084568412149,600
"134",36,-122.4,134,404.105334607931,600
"170",36,-122.2,170,388.323985258494,600
"206",36,-122,206,372.765721744173,600
"242",36,-121.8,242,357.459741222327,600
"278",36,-121.6,278,342.439939983034,600
"314",36,-121.4,314,327.745729841671,710
"350",36,-121.2,350,313.422971604468,514
"386",36,-121,386,299.525018392179,385
"422",36,-120.8,422,286.113841560453,469
"458",36,-120.6,458,273.261178868958,389
"494",36,-120.4,494,261.049593508657,691
"530",36,-120.2,530,249.573259439477,513
"566",36,-120,566,238.938193211913,395
"602",36,-119.8,602,229.261545540194,228
"638",36,-119.6,638,220.669477631601,228
"674",36,-119.4,674,213.293136423011,228
"710",36,-119.2,710,207.262394633621,409
"746",36,-119,746,202.697417682002,439
"782",36,-118.8,782,199.698768915708,710
"818",36,-118.6,818,198.33751689453,710
"854",36,-118.4,854,198.647331276874,710
"890",36,-118.2,890,200.620469188128,710
"926",36,-118,926,204.208713657558,710
"962",36,-117.8,962,209.329010404442,696
"998",36,-117.6,998,215.872350501556,505
"1034",36,-117.4,1034,223.713877218138,710
"1070",36,-117.2,1070,232.722371393229,519
"1106",36,-117,1106,242.76792414621,383
"1142",36,-116.8,1142,253.72735001053,334
"1178",36,-116.6,1178,265.487456679078,709
"1214",36,-116.4,1214,277.946586422002,609
"1250",36,-116.2,1250,291.014925025693,463
"1286",36,-116,1286,304.614025806811,355
"1322",36,-115.8,1322,318.675895893666,299
"1358",36,-115.6,1358,333.141887111109,446
"1394",36,-115.4,1394,347.96154622336,596
"1430",36,-115.2,1430,363.091514639653,340
"1466",36,-115,1466,378.494523862395,608
"1502",36,-114.8,1502,394.138505249659,671
"1538",36,-114.6,1538,409.995816312048,900
"1574",36,-114.4,1574,426.042576902041,401
"1610",36,-114.2,1610,442.258104471073,403
"1646",36,-114,1646,458.624436159656,573
"27",36.2,-123,27,462.258351817287,600
"63",36.2,-122.8,63,446.341295991817,600
"99",36.2,-122.6,99,430.605239669962,600
"135",36.2,-122.4,135,415.070836848442,600
"171",36.2,-122.2,171,399.761663155224,600
"207",36.2,-122,207,384.704674032445,600
"243",36.2,-121.8,243,369.930728919548,600
"279",36.2,-121.6,279,355.475184054859,710
"315",36.2,-121.4,315,341.378551740782,710
"351",36.2,-121.2,351,327.687215743516,385
"387",36.2,-121,387,314.454179395345,385
"423",36.2,-120.8,423,301.739803092804,521
"459",36.2,-120.6,459,289.612459355909,502
"495",36.2,-120.4,495,278.148995214131,315
"531",36.2,-120.2,531,267.434844256613,228
"567",36.2,-120,567,257.563579443177,228
"603",36.2,-119.8,603,248.635655405064,228
"639",36.2,-119.6,639,240.756078396278,228
"675",36.2,-119.4,675,234.030796090485,228
"711",36.2,-119.2,711,228.561752658246,447
"747",36.2,-119,747,224.440823633869,709
"783",36.2,-118.8,783,221.743199868136,531
"819",36.2,-118.6,819,220.521132269842,710
"855",36.2,-118.4,855,220.799127653546,710
"891",36.2,-118.2,891,222.571564166888,710
"927",36.2,-118,927,225.803245776478,352
"963",36.2,-117.8,963,230.432772809127,707
"999",36.2,-117.6,999,236.378009895504,569
"1035",36.2,-117.4,1035,243.542597694138,353
"1071",36.2,-117.2,1071,251.822454997538,710
"1107",36.2,-117,1107,261.111475793059,710
"1143",36.2,-116.8,1143,271.3059885696,226
"1179",36.2,-116.6,1179,282.30787586241,406
"1215",36.2,-116.4,1215,294.026478615372,501
"1251",36.2,-116.2,1251,306.379523008545,869
"1287",36.2,-116,1287,319.293333294388,285
"1323",36.2,-115.8,1323,332.7025684823,622
"1359",36.2,-115.6,1359,346.549672975048,629
"1395",36.2,-115.4,1395,360.784180421325,900
"1431",36.2,-115.2,1431,375.361965647129,308
"1467",36.2,-115,1467,390.244504833106,815
"1503",36.2,-114.8,1503,405.398178977841,403
"1539",36.2,-114.6,1539,420.793638544946,716
"1575",36.2,-114.4,1575,436.405236113436,600
"1611",36.2,-114.2,1611,452.210527093222,495
"1647",36.2,-114,1647,468.189834741122,600
"28",36.4,-123,28,472.806406323105,600
"64",36.4,-122.8,64,457.296354329165,600
"100",36.4,-122.6,100,441.989706053778,600
"136",36.4,-122.4,136,426.908406723021,600
"172",36.4,-122.2,172,412.077264046634,600
"208",36.4,-122,208,397.524341940857,600
"244",36.4,-121.8,244,383.281395896128,710
"280",36.4,-121.6,280,369.384345758522,513
"316",36.4,-121.4,316,355.873775969015,449
"352",36.4,-121.2,352,342.795444785982,710
"388",36.4,-121,388,330.200771888973,522
"424",36.4,-120.8,424,318.147257301075,486
"460",36.4,-120.6,460,306.698763480368,503
"496",36.4,-120.4,496,295.925567455213,498
"532",36.4,-120.2,532,285.904063687096,228
"568",36.4,-120,568,276.715976673877,228
"604",36.4,-119.8,604,268.446934921187,228
"640",36.4,-119.6,640,261.184278541876,396
"676",36.4,-119.4,676,255.014036627924,228
"712",36.4,-119.2,712,250.017128209178,447
"748",36.4,-119,748,246.265008061402,710
"784",36.4,-118.8,784,243.815167395388,710
"820",36.4,-118.6,820,242.707054401544,710
"856",36.4,-118.4,856,242.959032767543,710
"892",36.4,-118.2,892,244.566897586219,625
"928",36.4,-118,928,247.504219033468,284
"964",36.4,-117.8,964,251.724450245401,704
"1000",36.4,-117.6,1000,257.164422212747,659
"1036",36.4,-117.4,1036,263.748650742861,397
"1072",36.4,-117.2,1072,271.393841187703,695
"1108",36.4,-117,1108,280.01307503183,519
"1144",36.4,-116.8,1144,289.51933765375,576
"1180",36.4,-116.6,1180,299.828232566434,820
"1216",36.4,-116.4,1216,310.859878317948,247
"1252",36.4,-116.2,1252,322.540081455008,803
"1288",36.4,-116,1288,334.800925172747,584
"1324",36.4,-115.8,1324,347.580921752611,778
"1360",36.4,-115.6,1360,360.824862808433,544
"1396",36.4,-115.4,1396,374.483477108216,361
"1432",36.4,-115.2,1432,388.512979517531,705
"1468",36.4,-115,1468,402.87457088815,623
"1504",36.4,-114.8,1504,417.533929325683,354
"1540",36.4,-114.6,1540,432.460718479708,558
"1576",36.4,-114.4,1576,447.628127802204,360
"1612",36.4,-114.2,1612,463.012452328343,501
"1648",36.4,-114,1648,478.592714648678,630
"29",36.6,-123,29,484.141585623123,600
"65",36.6,-122.8,65,469.045352785722,600
"101",36.6,-122.6,101,454.173125285371,600
"137",36.6,-122.4,137,439.54770560145,600
"173",36.6,-122.2,173,425.194625845088,600
"209",36.6,-122,209,411.142471217574,600
"245",36.6,-121.8,245,397.423224066637,446
"281",36.6,-121.6,281,384.072620033083,235
"317",36.6,-121.4,317,371.130502211568,679
"353",36.6,-121.2,353,358.641151706601,455
"389",36.6,-121,389,346.653563175041,699
"425",36.6,-120.8,425,335.221621895702,352
"461",36.6,-120.6,461,324.404125108646,341
"497",36.6,-120.4,497,314.264576238672,228
"533",36.6,-120.2,533,304.870668922773,228
"569",36.6,-120,569,296.293372973481,275
"605",36.6,-119.8,605,288.605542704709,258
"641",36.6,-119.6,641,281.879996468594,245
"677",36.6,-119.4,677,276.187070585606,447
"713",36.6,-119.2,713,271.591732073091,710
"749",36.6,-119,749,268.150434692808,710
"785",36.6,-118.8,785,265.908002222744,710
"821",36.6,-118.6,821,264.89489215847,710
"857",36.6,-118.4,857,265.125201674991,710
"893",36.6,-118.2,893,266.595707319602,352
"929",36.6,-118,929,269.286086692417,288
"965",36.6,-117.8,965,273.160287446795,710
"1001",36.6,-117.6,1001,278.168835452173,474
"1037",36.6,-117.4,1037,284.251755178265,709
"1073",36.6,-117.2,1073,291.341734998666,376
"1109",36.6,-117,1109,299.367204290738,438
"1145",36.6,-116.8,1145,308.255073399871,658
"1181",36.6,-116.6,1181,317.93299020771,248
"1217",36.6,-116.4,1217,328.331061817647,283
"1253",36.6,-116.2,1253,339.38306151344,660
"1289",36.6,-116,1289,351.027185432681,441
"1325",36.6,-115.8,1325,363.206443567155,584
"1361",36.6,-115.6,1361,375.868772350381,363
"1397",36.6,-115.4,1397,388.96694811284,543
"1433",36.6,-115.2,1433,402.458367665236,705
"1469",36.6,-115,1469,416.304748023551,601
"1505",36.6,-114.8,1505,430.471784030208,396
"1541",36.6,-114.6,1541,444.928791386963,659
"1577",36.6,-114.4,1577,459.648353676714,293
"1613",36.6,-114.2,1613,474.605985178652,543
"1649",36.6,-114,1649,489.77981635177,688
"30",36.8,-123,30,496.210051178933,600
"66",36.8,-122.8,66,481.530283834616,600
"102",36.8,-122.6,102,467.093090032465,600
"138",36.8,-122.4,138,452.921729256035,600
"174",36.8,-122.2,174,439.042005032565,600
"210",36.8,-122,210,425.482518790055,600
"246",36.8,-121.8,246,412.274927618396,600
"282",36.8,-121.6,282,399.454195346973,651
"318",36.8,-121.4,318,387.058821565104,386
"354",36.8,-121.2,354,375.131027223329,595
"390",36.8,-121,390,363.716868319889,733
"426",36.8,-120.8,426,352.866241232463,508
"462",36.8,-120.6,462,342.632735277632,228
"498",36.8,-120.4,498,333.073281474242,228
"534",36.8,-120.2,534,324.247543431156,228
"570",36.8,-120,570,316.216999728265,447
"606",36.8,-119.8,606,309.043680533003,447
"642",36.8,-119.6,642,302.788547588938,447
"678",36.8,-119.4,678,297.509547543269,689
"714",36.8,-119.2,714,293.259421837373,710
"750",36.8,-119,750,290.083415121617,710
"786",36.8,-118.8,786,288.017076222409,710
"822",36.8,-118.6,822,287.084375768496,700
"858",36.8,-118.4,858,287.296358798109,710
"894",36.8,-118.2,894,288.650502510825,342
"930",36.8,-118,930,291.130864159424,710
"966",36.8,-117.8,966,294.70899929212,354
"1002",36.8,-117.6,1002,299.345530401262,357
"1038",36.8,-117.4,1038,304.992173113153,746
"1074",36.8,-117.2,1074,311.593994639457,397
"1110",36.8,-117,1110,319.091687972727,843
"1146",36.8,-116.8,1146,327.423685341895,339
"1182",36.8,-116.6,1182,336.527990670391,356
"1218",36.8,-116.4,1218,346.343668644842,357
"1254",36.8,-116.2,1254,356.811977184729,430
"1290",36.8,-116,1290,367.877165605019,318
"1326",36.8,-115.8,1326,379.486982050567,373
"1362",36.8,-115.6,1362,391.592943080315,293
"1398",36.8,-115.4,1398,404.150418935991,446
"1434",36.8,-115.2,1434,417.118583354806,485
"1470",36.8,-115,1470,430.460269461386,492
"1506",36.8,-114.8,1506,444.141765182537,503
"1542",36.8,-114.6,1542,458.132573921016,452
"1578",36.8,-114.4,1578,472.405159493513,425
"1614",36.8,-114.2,1614,486.93468879835,438
"1650",36.8,-114,1650,501.698781318152,402
"31",37,-123,31,508.959740902829,600
"67",37,-122.8,67,494.695532284872,600
"103",37,-122.6,103,480.690317662521,600
"139",37,-122.4,139,466.967461301653,600
"175",37,-122.2,175,453.552652684442,600
"211",37,-122,211,440.474095870809,438
"247",37,-121.8,247,427.7626905556,413
"283",37,-121.6,283,415.452193782402,361
"319",37,-121.4,319,403.579347515994,499
"355",37,-121.2,355,392.183952918324,696
"391",37,-121,391,381.308867431847,429
"427",37,-120.8,427,370.999896088646,228
"463",37,-120.6,463,361.305544582296,228
"499",37,-120.4,499,352.276599680045,447
"535",37,-120.2,535,343.965504005677,447
"571",37,-120,571,336.425498826884,447
"607",37,-119.8,607,329.709521906563,684
"643",37,-119.6,643,323.868868779561,633
"679",37,-119.4,679,318.951654685328,710
"715",37,-119.2,715,315.001148390237,710
"751",37,-119,751,312.054083290363,648
"787",37,-118.8,787,310.13907831431,449
"823",37,-118.6,823,309.275313289312,710
"859",37,-118.4,859,309.471594249255,710
"895",37,-118.2,895,310.725911546833,382
"931",37,-118,931,313.025541407181,710
"967",37,-117.8,967,316.347679173586,693
"1003",37,-117.6,1003,320.660532495498,761
"1039",37,-117.4,1039,325.924756903907,332
"1075",37,-117.2,1075,332.095092159803,886
"1111",37,-117,1111,339.122056990984,416
"1147",37,-116.8,1147,346.953578405097,711
"1183",37,-116.6,1183,355.536462425984,456
"1219",37,-116.4,1219,364.817647939536,589
"1255",37,-116.2,1255,374.745217881453,849
"1291",37,-116,1291,385.269168224353,304
"1327",37,-115.8,1327,396.341953555501,376
"1363",37,-115.6,1363,407.918838767358,674
"1399",37,-115.4,1399,419.958090873148,823
"1435",37,-115.2,1435,432.421044955873,286
"1471",37,-115,1471,445.272075433717,364
"1507",37,-114.8,1507,458.47849953613,603
"1543",37,-114.6,1543,472.010435109844,560
"1579",37,-114.4,1579,485.840630237499,522
"1615",37,-114.2,1615,499.944278000531,485
"1651",37,-114,1651,514.29882620216,411
"32",37.2,-123,32,522.340869741253,600
"68",37.2,-122.8,68,508.488357388177,600
"104",37.2,-122.6,104,494.909091007817,600
"140",37.2,-122.4,140,481.626242209515,466
"176",37.2,-122.2,176,468.665072339029,468
"212",37.2,-122,212,456.053065040121,675
"248",37.2,-121.8,248,443.820042353867,426
"284",37.2,-121.6,284,431.998253925156,430
"320",37.2,-121.4,320,420.622426149597,733
"356",37.2,-121.2,356,409.72975517391,502
"392",37.2,-121,392,399.3598248157,228
"428",37.2,-120.8,428,389.554428108527,358
"464",37.2,-120.6,464,380.357269906181,447
"500",37.2,-120.4,500,371.81352858298,447
"536",37.2,-120.2,536,363.969258266045,447
"572",37.2,-120,572,356.870620152191,710
"608",37.2,-119.8,608,350.562942981684,710
"644",37.2,-119.6,644,345.089628782772,710
"680",37.2,-119.4,680,340.490939746543,710
"716",37.2,-119.2,716,336.802723499823,710
"752",37.2,-119,752,334.05515381767,618
"788",37.2,-118.8,788,332.271577796864,710
"824",37.2,-118.6,824,331.467564554615,705
"860",37.2,-118.4,860,331.650241714415,710
"896",37.2,-118.2,896,332.817983800211,527
"932",37.2,-118,932,334.96048373448,695
"968",37.2,-117.8,968,338.059200222107,308
"1004",37.2,-117.6,1004,342.088136671764,766
"1040",37.2,-117.4,1040,347.014877881238,663
"1076",37.2,-117.2,1076,352.80179337638,418
"1112",37.2,-117,1112,359.407312451401,302
"1148",37.2,-116.8,1148,366.787184110592,449
"1184",37.2,-116.6,1184,374.895651743134,438
"1220",37.2,-116.4,1220,383.686493194249,601
"1256",37.2,-116.2,1256,393.113898009948,900
"1292",37.2,-116,1292,403.133172176469,432
"1328",37.2,-115.8,1328,413.701275081649,345
"1364",37.2,-115.6,1364,424.777203263999,409
"1400",37.2,-115.4,1400,436.322241157641,349
"1436",37.2,-115.2,1436,448.30010129444,512
"1472",37.2,-115,1472,460.67697623163,537
"1508",37.2,-114.8,1508,473.421522716479,572
"1544",37.2,-114.6,1544,486.504795999514,567
"1580",37.2,-114.4,1580,499.900149294569,650
"1616",37.2,-114.2,1616,513.583110509143,366
"1652",37.2,-114,1652,527.531245740062,325
"33",37.4,-123,33,536.306269332397,600
"69",37.4,-122.8,69,522.859192033781,600
"105",37.4,-122.6,105,509.697494616916,600
"141",37.4,-122.4,141,496.843914451189,443
"177",37.4,-122.2,177,484.323039623682,456
"213",37.4,-122,213,472.161393511417,228
"249",37.4,-121.8,249,460.387498074427,428
"285",37.4,-121.6,285,449.031906635576,733
"321",37.4,-121.4,321,438.127195063841,571
"357",37.4,-121.2,357,427.707898495001,469
"393",37.4,-121,393,417.810379245265,255
"429",37.4,-120.8,429,408.472610734701,447
"465",37.4,-120.6,465,399.733862471561,447
"501",37.4,-120.4,501,391.634272962354,466
"537",37.4,-120.2,537,384.214301326619,710
"573",37.4,-120,573,377.514054837456,710
"609",37.4,-119.8,609,371.572498762103,710
"645",37.4,-119.6,645,366.426566498006,710
"681",37.4,-119.4,681,362.110201254042,710
"717",37.4,-119.2,717,358.653373906197,710
"753",37.4,-119,753,356.081133062054,447
"789",37.4,-118.8,789,354.412750408555,691
"825",37.4,-118.6,825,353.661024924519,352
"861",37.4,-118.4,861,353.831802188773,292
"897",37.4,-118.2,897,354.923749862251,749
"933",37.4,-118,933,356.928409136126,669
"969",37.4,-117.8,969,359.83051757701,586
"1005",37.4,-117.6,1005,363.608575155792,558
"1041",37.4,-117.4,1041,368.235605936968,298
"1077",37.4,-117.2,1077,373.680055531191,441
"1113",37.4,-117,1113,379.906760046503,406
"1149",37.4,-116.8,1149,386.877925410781,436
"1185",37.4,-116.6,1185,394.554064870691,432
"1221",37.4,-116.4,1221,402.894854880381,584
"1257",37.4,-116.2,1257,411.859883143783,305
"1293",37.4,-116,1293,421.409275363975,544
"1329",37.4,-115.8,1329,431.504198023959,650
"1365",37.4,-115.6,1365,442.107242674901,428
"1401",37.4,-115.4,1401,453.182702676562,595
"1437",37.4,-115.2,1437,464.696756413923,434
"1473",37.4,-115,1473,476.617572181586,626
"1509",37.4,-114.8,1509,488.915349708787,521
"1545",37.4,-114.6,1545,501.562312177016,533
"1581",37.4,-114.4,1581,514.53266095743,587
"1617",37.4,-114.2,1617,527.802503465097,909
"1653",37.4,-114,1653,541.349762696129,832
"34",37.6,-123,34,550.811591808862,600
"70",37.6,-122.8,70,537.761792819574,600
"106",37.6,-122.6,106,525.007490765544,600
"142",37.6,-122.4,142,512.570800243688,412
"178",37.6,-122.2,178,500.475453685249,600
"214",37.6,-122,214,488.74684681494,460
"250",37.6,-121.8,250,477.412060578272,504
"286",37.6,-121.6,286,466.4998517424,733
"322",37.6,-121.4,322,456.040603229639,409
"358",37.6,-121.2,358,446.066224291799,228
"394",37.6,-121,394,436.609990071685,428
"430",37.6,-120.8,430,427.706310172085,447
"466",37.6,-120.6,466,419.39041685126,468
"502",37.6,-120.4,502,411.69796568858,472
"538",37.6,-120.2,538,404.6645452799,710
"574",37.6,-120,574,398.325097884074,710
"610",37.6,-119.8,610,392.713259904962,710
"646",37.6,-119.6,646,387.860639321325,694
"682",37.6,-119.4,682,383.79605597899,710
"718",37.6,-119.2,718,380.544778987455,709
"754",37.6,-119,754,378.127802004759,522
"790",37.6,-118.8,790,376.561200577781,356
"826",37.6,-118.6,826,375.855614790123,491
"862",37.6,-118.4,862,376.015894666822,406
"898",37.6,-118.2,898,377.040935302161,760
"934",37.6,-118,934,378.923714598868,360
"970",37.6,-117.8,970,381.651530649156,688
"1006",37.6,-117.6,1006,385.206420343891,501
"1042",37.6,-117.4,1042,389.565727869699,572
"1078",37.6,-117.2,1078,394.702782922061,389
"1114",37.6,-117,1114,400.587644490018,249
"1150",37.6,-116.8,1150,407.187866848122,412
"1186",37.6,-116.6,1186,414.469249095438,304
"1222",37.6,-116.4,1222,422.396536946207,428
"1258",37.6,-116.2,1258,430.934054122255,319
"1294",37.6,-116,1294,440.046249390873,391
"1330",37.6,-115.8,1330,449.698153112691,461
"1366",37.6,-115.6,1366,459.855743556436,526
"1402",37.6,-115.4,1402,470.486227982835,873
"1438",37.6,-115.2,1438,481.558246638367,605
"1474",37.6,-115,1474,493.04200953638,527
"1510",37.6,-114.8,1510,504.909376524347,441
"1546",37.6,-114.6,1546,517.13389094298,400
"1582",37.6,-114.4,1582,529.690776450964,541
"1618",37.6,-114.2,1618,542.556905546269,352
"1654",37.6,-114,1654,555.710747134927,766
"35",37.8,-123,35,565.815403384122,600
"71",37.8,-122.8,71,553.153273571054,600
"107",37.8,-122.6,107,540.79487563158,600
"143",37.8,-122.4,143,528.761560763125,219
"179",37.8,-122.2,179,517.07607786376,592
"215",37.8,-122,215,505.76258815574,463
"251",37.8,-121.8,251,494.846655867601,492
"287",37.8,-121.6,287,484.355208636763,436
"323",37.8,-121.4,323,474.316460668388,219
"359",37.8,-121.2,359,464.759791303687,447
"395",37.8,-121,395,455.715571657433,447
"431",37.8,-120.8,431,447.214932549186,468
"467",37.8,-120.6,467,439.289468255342,710
"503",37.8,-120.4,503,431.970872813865,679
"539",37.8,-120.2,539,425.290508834731,710
"575",37.8,-120,575,419.278913023482,710
"611",37.8,-119.8,611,413.965247783646,710
"647",37.8,-119.6,647,409.376714009261,707
"683",37.8,-119.4,683,405.537945988162,710
"719",37.8,-119.2,719,402.470414504583,710
"755",37.8,-119,755,400.191867943643,352
"791",37.8,-118.8,791,398.715842671012,526
"827",37.8,-118.6,827,398.051272587653,635
"863",37.8,-118.4,863,398.202223293474,856
"899",37.8,-118.2,899,399.167768954094,900
"935",37.8,-118,935,400.942020460246,253
"971",37.8,-117.8,971,403.514302903896,512
"1007",37.8,-117.6,1007,406.86947007577,300
"1043",37.8,-117.4,1043,410.988334874252,440
"1079",37.8,-117.2,1079,415.848188181921,358
"1115",37.8,-117,1115,421.423375445147,466
"1151",37.8,-116.8,1151,427.685899922057,366
"1187",37.8,-116.6,1187,434.606023948758,325
"1223",37.8,-116.4,1223,442.152843922199,513
"1259",37.8,-116.2,1259,450.294820194661,372
"1295",37.8,-116,1295,459.000248934173,365
"1331",37.8,-115.8,1331,468.23766858341,335
"1367",37.8,-115.6,1367,477.976198399742,798
"1403",37.8,-115.4,1403,488.185810437443,414
"1439",37.8,-115.2,1439,498.837539169925,369
"1475",37.8,-115,1475,509.90363480394,463
"1511",37.8,-114.8,1511,521.357667346619,190
"1547",37.8,-114.6,1547,533.174588823714,456
"1583",37.8,-114.4,1583,545.330760891259,304
"1619",37.8,-114.2,1619,557.80395459483,631
"1655",37.8,-114,1655,570.57332834506,786
"36",38,-123,36,581.279191884061,565
"72",38,-122.8,72,568.994051591641,385
"108",38,-122.6,108,557.019150308694,671
"144",38,-122.4,144,545.374976811956,600
"180",38,-122.2,180,534.083214283812,376
"216",38,-122,216,523.166731418908,431
"252",38,-121.8,252,512.649550415711,446
"288",38,-121.6,288,502.556786858337,356
"324",38,-121.4,324,492.914556229508,435
"360",38,-121.2,360,483.749841775748,447
"396",38,-121,396,475.090318773124,456
"432",38,-120.8,432,466.964131024795,710
"468",38,-120.6,468,459.39961676437,707
"504",38,-120.4,504,452.424983120496,710
"540",38,-120.2,540,446.067930949682,710
"576",38,-120,576,440.35523512172,468
"612",38,-119.8,612,435.312289100611,559
"648",38,-119.6,648,430.962626641888,699
"684",38,-119.4,684,427.327437247593,710
"720",38,-119.2,720,424.425095215728,719
"756",38,-119,756,422.27072419065,319
"792",38,-118.8,792,420.875819608917,537
"828",38,-118.6,828,420.24795002531,538
"864",38,-118.4,864,420.390554904441,475
"900",38,-118.2,900,421.302851261146,417
"936",38,-118,936,422.979854994399,355
"972",38,-117.8,972,425.412515572082,309
"1008",38,-117.6,1008,428.587955686771,446
"1044",38,-117.4,1044,432.48980138821,458
"1080",38,-117.2,1080,437.098583622985,387
"1116",38,-117,1116,442.392189442331,241
"1152",38,-116.8,1152,448.346340455731,266
"1188",38,-116.6,1188,454.935077227442,468
"1224",38,-116.4,1224,462.131230856883,776
"1260",38,-116.2,1260,469.906866468659,620
"1296",38,-116,1296,478.233687267186,231
"1332",38,-115.8,1332,487.083391745846,551
"1368",38,-115.6,1368,496.42798024509,377
"1404",38,-115.4,1404,506.24001011085,507
"1440",38,-115.2,1440,516.492801108713,415
"1476",38,-115,1476,527.160594487719,477
"1512",38,-114.8,1512,538.218670212185,271
"1548",38,-114.6,1548,549.643427481656,900
"1584",38,-114.4,1584,561.412433845263,333
"1620",38,-114.2,1620,573.504448095279,566
"1656",38,-114,1656,585.899421792894,538
