StationID,FAS_0p100_,FAS_0p150_,FAS_0p200_,FAS_0p250_,FAS_0p300_,FAS_0p400_,FAS_0p500_,FAS_0p750_,FAS_1p000_,FAS_1p500_,FAS_2p000_
BK.HUMO,-1.8252933679021222,-0.8301655374067112,-1.0587466372400418,-1.619420443067496,-1.5018922589207981,-0.6502989306071685,-0.6347035496924813,-1.0154390566177294,-0.7962970611089917,,
CC.CARB,0.16031688055539553,-0.034652207130832974,-0.31403122574220765,-0.20096204751095798,-0.1598704289758403,-0.25585255741413276,-0.3888494509100959,-0.27015991289200786,-0.2148398234885251,-0.21948108254320287,-0.2465238124987014
CC.JRO,,0.4086613579964059,0.14757357413660088,-0.13576863759442928,-0.31239772582764236,0.011411033535814553,-0.2347802802992356,0.41547841892390597,-0.01423999230236686,-0.15740318447272114,-0.15026250904198968
CC.OBSR,1.2185402651119617,1.1957220064899419,0.8916370007117929,0.8737094706884756,0.8481421053549161,0.7136508542734643,0.8554717091344981,1.0265791537514053,1.0909800101116294,0.4713289778280082,0.4658722749955601
CC.PANH,0.4225979504325917,0.3368491187977999,0.30452482613413434,0.4780552963521556,0.5348651442084161,1.1635359839673185,1.4391629606184284,0.34696031488992835,-0.035218174305653396,-0.21341476322161518,-0.5925930672309717
CC.PR01,0.334283491635654,0.5183091869968706,-0.36071454095913164,-0.24335437494245116,-0.32768524260038595,-0.42387283606657516,-0.5039145835258834,-0.43355643868551674,-0.28503003512525577,-0.27560769061209317,-0.3703186186175723
CC.PR02,,0.19424601649809908,-0.5048023764512063,-0.2893049704235541,-0.42526682195694165,-0.44571322256809104,0.08652474024119797,0.09742962300779567,0.015502073001588599,-0.11568614981301124,-0.3440351157284304
CC.PR03,,,0.8793549886609119,0.2896608154275187,-0.00848263063969818,-0.4001120342432258,-0.6043775860167444,-0.6752906547223526,-0.39949614168426795,-0.40827035153495483,-0.31050091220555215
CC.PR04,0.3009689603155925,0.03603857403435656,0.2023676222776952,0.12172331754119135,-0.07622595077783534,0.08466241533440398,-0.005326060648825845,0.3712962179825712,0.5313184108558985,-0.22059572997837518,-0.18761607945683978
CC.PR05,0.08408335991753352,0.036317082101464185,-0.3760580025135821,-0.3069034021908309,-0.6349039555481873,-0.6226926768611566,-0.7224872735304797,-0.5955526990043687,-0.1833557872099296,-0.39473726173905926,-0.5582341262842926
CC.RUSH,,,0.6973874309905838,0.2661142134139768,-0.039737321486775175,0.10415899550166843,0.1628974941406343,0.5116267768869405,0.7880547082907595,0.32720641274533135,0.12023852039338562
CC.SEP,-0.11779641606309342,0.028397703226487436,-0.06486447354089077,-0.47453464052871763,-0.6184667854210447,-0.04104942598066952,-0.04350425340362438,-0.26715529537606675,-0.1851563814678193,-0.25138300790315016,0.977918008345059
CC.STD,1.485333326685771,1.5788821060943026,1.0571629624932088,0.8579867639367679,0.6748214250252647,0.5842618841364,0.2570718485038745,0.09951468174261242,0.5513015312428531,-0.23279885590298668,-0.4295143275831189
CC.VALT,0.23441337164533732,0.41179258000450997,0.8849755687620596,1.0483261205212657,1.1143549893489797,1.1961493357353599,1.2127053358277406,1.2124447875071975,0.6913053977528643,0.9023844724261014,0.9840001622436614
CC.WIFE,0.013082460055929251,-0.1979047797218475,-0.4612027474973198,-0.3849801464183352,-0.3379062707307939,0.19283565076600168,0.2509577342789693,0.26006507514297267,-0.027253421232605525,-0.08820909700638961,-0.24213169105695578
CN.BFSB,-0.4077340387824479,-0.38609307040162516,-0.5775228199199817,-0.032303967313085435,0.17915002570371338,0.705231646391073,0.7387540484221178,0.22835894510994625,-0.04220122452103896,0.17422549407904986,0.35943584742367596
CN.BPEB,0.31712311554940414,0.27855795491022606,0.3124269393981002,0.4058072952481032,0.48476335679169535,0.981804270908067,0.042183155269628674,-0.27376508458271387,-0.5406756170310127,-0.413355398451463,
CN.CBB,-0.19583528378535414,-0.3604698340552851,-0.17569771964500316,-0.2038989684929933,0.15881431131842394,0.10662597265042947,-0.11713101324245345,-0.4916604556377922,0.15297670806173988,0.19416660047667025,-0.13726885311128853
CN.CLRS,-0.43995373444888136,-0.40763136122800864,-0.12449756491726513,0.37815984629854527,-0.006435343566738945,0.2721060319078513,0.04757277049416046,0.31903518610735104,0.6715380791772018,0.7935512835750913,0.4361331141954523
CN.EDB,-1.1219324629049876,-1.3116072804304082,-1.2293794391696673,-0.761496563013407,-0.8648409530150755,-0.7473092850800059,-0.6038663602957888,-0.5846364274816449,-0.18915933170945287,-0.6713204200712851,-0.4052270146379209
CN.GDR,0.47286304030477155,-0.12857302415164207,-0.07643499749528282,-0.7271733574024996,0.21707563764348345,0.740911961150235,-0.2089556758107663,-0.465589980441397,-0.16238587293145204,-0.5823088448702682,-0.8974817699969636
CN.GOBB,0.2929311529297698,0.17564798499019071,-0.1235108159008318,0.0933813694359786,-0.05404382760276295,-0.3077174781891297,-0.08141112654856254,-0.010854815103853539,0.09821677820869054,0.004268125567696375,0.26367132716407377
CN.HNBB,-0.6043800160783812,-0.4053244817900219,-1.0331502849520289,-0.6452035613438747,-0.8614554690659822,-1.0170795183506809,-0.28222187302116564,-1.0882761220040553,-0.3196890857447167,-0.8494009752955599,-0.26629531999074724
CN.HOLB,0.2758434812840577,-0.24291134766520125,-0.2547248515474916,-0.0825498412397972,-0.3844592873985694,0.02146047943381516,-0.12421427158676297,-0.05772184724757414,0.018319888094256272,-0.08957745890156488,
CN.HOPB,-0.42417605574816647,-0.2685891625363313,0.23511819500515735,0.06071863245772472,0.2374583567278226,0.04402934761689355,0.4343234317629746,0.2115808799589619,0.01607593409889608,0.28614998104096007,0.19553709149624887
CN.LLLB,-0.294612476677215,-0.21751824289921193,-0.736289368432161,-0.5520377600686887,-0.6891681732836565,-0.3104650513031557,0.01065242504301445,-0.08408273707616751,-0.22352651078464147,-0.08462188708998677,-0.6113498569544414
CN.MYRA,0.7678531790554292,0.40546889612925285,0.8545839109824533,0.19562979351542992,0.854876281557145,0.6612998195372413,-0.48985071477565356,-0.6010098266375814,-0.24540240103739094,-0.5208636709341633,-0.6832300727634831
CN.NCSB,-0.004412791622669719,-0.27793952572791597,-0.42310446391914225,-0.4374997164767862,-0.23664198226310273,0.07034191382607893,-0.12531076954427264,0.036783102035222295,0.1361097676675932,0.3790582694711196,0.028294503508382557
CN.NLLB,-0.4492456933127323,-0.33144834425814085,0.2307433041185662,0.037587736536955754,0.3385239219210606,0.21418461392502752,0.26219899286006015,-0.3857981282357737,-0.2917395383798831,-0.27405750224570846,-0.29412005431640387
CN.NTKA,-0.7834116305487923,-1.2371815856690331,-1.2602809441489007,-1.2327059740006205,-0.7931696825801996,-0.9181633281617058,-1.235808881795184,-1.3540768743648457,-1.1718951993401494,-1.0174698630461352,-0.9536288374304833
CN.OZB,0.34883273388208086,0.3802124478014091,0.2257132924836165,0.13794589124729284,0.8898884116933504,0.9982530915800913,0.7486559358334375,0.331097189568218,0.03466110915948437,,0.014807730094939733
CN.PABB,-2.1162120375154023,-2.1013831614017837,-2.76109447192435,-2.2590229774317185,-2.2596610021387913,-1.7898431351951318,-2.128893557404473,-2.5918024094243535,-1.9809586601962015,-1.9608832440532953,-2.229730110872786
CN.PACB,-1.0602499139000012,-1.0652143267727596,-1.0443049302903853,-0.8411560125513231,-1.022615822807426,-0.5572983880329481,-0.6210168218207455,-0.35702049887860177,-0.8567644576700538,-0.18148222629724026,-0.8089242100526434
CN.PFB,-0.4847308488129697,-0.4396076446654884,0.03510112680148566,-0.3707290329604257,-0.3452565764129537,-0.2664020491185372,-0.5075661842005629,-0.43000136795819976,-0.23543513229837473,-0.44305228606762886,0.3428138054478696
CN.PGC,-0.0005838055900683882,-0.2370269624464852,-0.04904119515399727,0.03466535636111522,0.2406615272795422,0.17412744602173894,-0.19982128820347464,0.053488373448788464,-0.04809923240635385,-0.20562489623994246,-0.19436444664919172
CN.PHC,-0.6550236475019139,-1.0346847042495984,-0.7115659732473467,-0.8939711718962603,-0.5874200702022356,-0.7981971699398992,-0.853467702863094,-1.0738463148863155,-0.7883278126749652,-0.4738110087632944,-0.5584471860134683
CN.PTRF,0.17676887802918992,0.28695224984885337,-0.10354462924798534,-0.010410623898734438,-0.08245672217400275,0.14844851923919156,-0.6512948509107426,-0.022985533963799452,0.0033458440519599296,-0.25148162325741297,0.045874187183995656
CN.SHB,-0.05392323731741162,0.04279273871676651,0.7184260392334298,0.42681036326350147,-0.06149614382428614,0.1451340362510579,-0.01375033662248755,-0.16555756155103524,-0.16236375531015868,-0.134204617829904,-0.23756127520419346
CN.SLEB,-0.11983679745627442,0.2362737709138369,-0.35996124779742883,-0.4610078857822369,-0.41261240230871277,0.1057871708712212,0.3465344722840205,1.112672231948666,0.2327518596250222,0.35322617368344217,0.45595542531838973
CN.SNB,-1.0790226042522217,-0.9961872989537441,-0.5095438264923002,-0.5188357910592988,-0.35791148865677486,-0.3596021818654254,-0.14051850145729183,-0.08967510467595392,-0.21933993624369863,-0.013149306910383463,0.1271228028835342
CN.SYMB,0.05795478861402968,0.09192486423976393,-0.214131093302839,-0.0585934964453753,0.05647539208144793,0.09020459749395138,0.304910766049224,-0.2091332144971189,-0.02177076397306127,0.06702589538811811,
CN.VDEB,0.9404290868395727,-0.004626484384444585,0.10138738003756347,0.03285073530736269,0.16942204497088426,-0.16040403033055517,-0.7257885494860409,-0.455986755254968,-0.5390615226378228,0.033880473002167226,-0.03219410354667082
CN.VGZ,-0.2752860497455873,-0.617582908464235,-0.5813748621669421,-0.4434306078935541,-0.25604204848628026,-0.5455336530153893,-0.5433865580718718,-0.7844409348835015,-0.740200114784317,-0.7485932845984016,-0.6917899068907981
CN.WOSB,0.28848182746308115,0.029414973099854927,-0.3740217776680685,-0.024444376853953936,0.2358610886814234,-0.21302490954785613,0.05618267275639537,-0.28582354504377006,-0.13587204379121118,0.3710315389659963,0.45896386124267485
CN.WPB,-0.35473465659317494,-0.22664937741903501,-0.06029111721817009,0.06941713004645902,0.20662467288688802,0.03621344963810406,0.03025577805321066,0.13135783233506876,0.2330169120852137,0.17450215837096164,-0.08873354736087356
CN.WSLR,0.04136063536830814,-0.12952041378140897,-0.24218195010824467,-0.036384700661197984,-0.541446453105733,-0.5454767062653523,-0.3794010566139168,-0.7147158457943661,-0.8365482244862835,-0.8005990723524202,-0.5374675507940511
GS.ALBR,0.06828004629221747,0.11185635067305155,0.5775117012915623,0.4056460604608502,0.8923116176416801,0.7376105878263014,0.34574927604086514,0.16050864019917,0.41397790262495593,-0.06316520405398822,
GS.ALON,0.16847576168103492,0.16835718522630017,0.4685884004905056,0.2761925406726248,0.6166937414792459,0.8220995679092359,0.6460542963226555,1.166265476597914,0.7346460417955618,0.7006139140738736,0.9294299322232403
GS.BEAV,0.038801992901020405,0.48984718517439285,0.8804202455199112,1.1551159175016397,1.147521587983585,1.1531292550512504,1.2232464884783354,1.5113705058422253,0.5067552556557654,1.3979019057415314,1.5584722964687299
GS.BHD,-0.35418916811057954,-0.08419117130616038,-0.001270890113423001,0.023948901993342417,-0.009330842853671712,0.278087261097606,0.3964678343411877,1.0802402632764174,1.3472157643127762,1.279913718942902,1.094676042561936
GS.BOW,-0.4076038377692286,-0.8121418297055742,-0.29295760188919495,0.03058578695353268,0.018867406104633833,0.09037718294646144,0.23605791614870583,0.3734842884170695,0.5011602849262873,0.4929778382353465,0.48392331029172214
GS.BRI,-0.5168595949044801,-0.28428903378159326,-0.01661251673625385,0.0648886086085369,0.34902433106805647,0.4937793482492512,0.5326852741757621,0.3331995796891511,-0.005975101496370688,0.1425205449865586,0.41185090439022476
GS.CAP,0.6568032380798876,1.2521288506920083,1.254363529897268,1.3920510722936978,1.864228371574432,1.1361789407574772,1.0350528240548453,1.0682815200713631,1.1511062392408562,1.3453537196128669,1.194547902499569
GS.CHIN,-0.06296948629934442,0.07283199145213533,1.2530437054806827,0.4751888461918766,0.42435327610650847,0.036337744623487794,0.06916803309858065,0.22925352144443398,0.4854214860267655,-0.4695881668807874,
GS.CRCK,0.3107308009980669,1.1072192210148906,1.7589802959832475,1.4080482555895744,0.481765653786003,0.12613944031431254,-0.13593198858717304,-0.054778430099729214,-0.0882105080494417,,
GS.CSOK,-1.5866645604444622,-1.17480053911748,-1.7338894198510841,-1.0662989944620638,-1.242359755514584,-1.205089664722103,-1.5993968051647915,-2.1726440050851874,,,
GS.GRE,-0.038718932716571425,-0.23605933302450227,-0.03236049037044161,-0.17771695182509806,0.20227310249856487,-0.10728384373181024,0.13062267429908922,0.642795179707624,0.4885990553143243,0.9746205572613645,0.9429515504443797
GS.HAOK,0.9858713189197305,0.041616570733993295,0.07046462126357204,0.3392701697418988,-0.08873233964399764,0.01838495312246963,0.15500612821009557,-0.14708750579432006,0.19482016945339117,0.06161000305904785,
GS.HIP,0.34434653635658274,0.5699420136302963,0.8608208866176899,0.6698658221761822,1.379324708393902,1.6336701072865019,1.1727584506168165,1.9830536484190924,1.5601338446118012,1.4919704373488376,1.525292904382533
GS.ICR,-0.43118913038851353,-0.027337180546756407,0.025765986901959675,0.023622842360439853,0.15249973978665976,-0.03274542896985679,0.269126221497477,0.6496684844107373,0.8147059897292962,0.7756848702840254,1.0068896432396353
GS.LEVE,0.6971680122875789,0.4284284429467691,-0.2975885786152718,-0.2826089147212794,0.592406678988391,-0.4142518046070518,0.0047165980190892074,1.5140003984118426,1.1715419666104525,0.32922334536090775,0.7184546934200371
GS.LOES,0.9412596474921008,0.4605437821813329,1.8159068888996077,1.5488552246975933,1.4420559266832644,0.7840739076511974,0.2335849956099415,0.15181498761688153,0.07409955113832102,,
GS.MAD,-0.13298445472712042,0.28894238482629175,0.0994576451516622,0.3593563634726913,0.3968428424065091,0.686568709270443,0.5926409441686017,0.9139363130599812,0.7473436796390398,0.9897532964552835,1.3684527555559032
GS.MER,-0.2784408316361379,0.1954651464841876,0.12796252739501537,0.3750891314224396,0.34703618836481415,0.6672442896277285,0.354913074611309,0.6148449449478326,0.3311008812916123,0.6328081578667675,0.9549198419030702
GS.MS8,-2.3113876182173767,-2.3773453496796226,-2.281572002912687,-2.082441891359301,-2.257180573603388,-1.9871998021999906,-1.6450360138603557,-1.3486919952986298,-1.1833991967422433,-0.7151864270831111,-0.497310005113436
GS.NEW,-0.7096067105395282,-0.06908420963828088,-0.13867023895553046,-0.04977251774071651,0.044804479845015316,0.5808790005975216,0.7534559422511473,0.06998614989617274,0.5435642123145678,0.49798739398238695,0.5750535922388411
GS.PIO2,-0.5303330039584259,-0.08199851557188134,0.375280333082609,0.2377701025221471,0.11463868149373432,0.3777528029734241,0.5203941976702018,0.6188812029036596,0.42110209896647455,0.9383677698485409,0.5800128547429617
GS.RAI,-1.0317475418151485,-0.2512748056594205,-0.040116465430251984,0.1247083261132839,0.2576746385808471,0.27207435909549815,0.7707321658207564,0.6193667283925804,0.49156898717878916,0.6814104140916601,0.6909014112953691
GS.RBOK,-0.0317217407056751,0.3286669760659928,0.49889719585478953,0.3166958375571517,0.9803854653766058,0.8072019848493341,0.8446925158588742,0.542178389211065,0.592498674746143,0.20935728566286596,0.2830289901943973
GS.SAIL,-0.2930030774126928,-0.031227230803073942,0.927578366608257,0.5658535404721329,1.1634611897772078,0.4340406494360203,0.579998664386137,1.1613878324250928,0.5246720198032242,0.6864743103662682,0.5376507095921913
GS.SEW,-0.4098237341364549,-0.005170162027220006,-0.1256471596412452,0.11815083993131112,0.19734363730285295,0.09945956668691298,0.18590694245552314,0.40150264901874916,0.054049731742028595,0.09072833352358207,0.38239638883647326
GS.UNK,-0.6528422045933027,-0.4547859137610031,-0.055644320029193506,0.641324293159386,0.07274698842360192,0.34068338366666634,0.4168527100640938,0.5134948899423858,0.36204287628386367,0.6393724184576384,0.6203137021600115
LI.LTH,-0.276204678069301,-0.16765702807872976,0.2577771686319373,0.7093231131680823,0.6038447890914435,1.1604924572981008,0.40201727233787227,0.6459352765635341,0.622603186782532,0.8902202976827218,0.24705381103632726
NP.7040,,,-0.312022818398174,0.6469724589957339,0.250316535439618,0.26952672020631124,0.44805902142070586,0.9868590772167328,0.31036520000682133,1.0546262902424395,0.8122248896946997
NP.7043,,-0.13100572436861174,0.6158519285102858,0.9819427979674539,1.4144324717961965,0.9698554555163201,0.30133387239494835,0.4712666552754438,0.5962621969119428,0.6100130843437792,0.12481180946038847
NV.NC27,1.3010765460025009,0.9188873317050101,1.4703679090002273,1.0810417685698852,0.5331799616162866,1.0298580931575196,0.9858879811871135,0.7335740945498522,0.6961361835794926,,
NV.NC89,-0.6301340712629087,-0.10900917626198053,0.21644147056917742,0.06820683317021016,-0.21266911652821477,0.39330823750427923,0.16814301303656307,0.32011556829082516,0.4265332720198125,0.8994453027864223,1.1816577981806364
NV.NCBC,0.8736260151183066,0.6235060751230673,0.8193747593644888,0.7132860411766555,0.9499961897540437,0.9419943028144506,1.1717021753228176,1.1499215813641277,1.7420914459131782,1.5990792693937634,1.1493269498396548
PB.B001,-1.7579323535724947,-1.850110204614935,-1.6823607058815535,-1.9858922835887094,-1.825941819033923,-1.4819377645339087,-1.5376423873039191,-1.504973555114775,-1.3244639021962863,-0.7482773044795513,-0.5043158555246371
PB.B003,-2.4382230395616897,-2.238430605369564,-2.591468669859196,-2.523589565348998,-2.15983688132226,-1.7093137810817665,-1.5220646139855947,-1.460180736219812,-1.2170197632005917,-0.7551893409701737,-0.9815432553951291
PB.B004,-2.088526569982161,-2.381552427283947,-2.475863962291356,-2.3189206507958637,-2.2459596455476136,-2.1497160341109804,-1.7378739907886038,-1.2805680369737642,-0.8497230761941245,-0.9357923867129492,-0.9856214609075902
PB.B005,-1.788311435729154,-1.528737486765723,-1.7934974493409621,-1.6098968249417016,-1.511070093740471,-1.7147175091193105,-1.515726290587014,-1.3319610176699377,-1.3796128850388965,-1.5238418561457927,-1.3144474918631768
PB.B006,-1.6262088896806095,-1.6184502148142639,-1.831799503396807,-1.5706035987154052,-1.4371509408654035,-1.5435510928370644,-1.4121977158167625,-1.1070941235031688,-1.2382663639609912,-1.3485028285242464,-0.9696131002492413
PB.B007,-1.8629859390002954,-1.710156822588341,-1.9028761661828593,-1.623320834915206,-1.601962922361901,-1.6015112497947452,-1.328169848253406,-0.9665230281475476,-1.0107188202383548,-1.2376686403972879,-1.1105699603204011
PB.B009,-0.8400439648824963,-1.1404826341625094,-1.1881446964723956,-1.350400569790495,-1.4240322801968448,-1.2998627671952825,-1.04423835300557,-0.9285880213702383,-1.0926605761807315,-0.8089058417960205,-0.8912478109991991
PB.B010,-0.6863412598810055,-1.0615048829171663,-1.0808769706350936,-1.5330142824042157,-1.6175868267722984,-1.3740076507130705,-1.1185535562883413,-0.9057241900819064,-1.124723177148301,-0.7888702753622053,-0.9042281664936562
PB.B011,-0.881554745641469,-1.206451594841025,-0.9609387339925779,-1.2053556439175417,-1.5191734176086078,-1.358447290714345,-1.2061115383193464,-1.0731858706324346,-1.2627600727292352,-1.0122981270683908,-1.0903462472190686
PB.B012,-0.746777279182519,-0.7237406794594904,-1.2017452657998677,-1.427361476714657,-1.0790308748806303,-0.8047473898107441,-1.0440442571770479,-0.9134245145737858,-0.7184241354010947,-0.3591369585908928,-0.6557503137261858
PB.B013,-1.645626901415063,-1.69095164843074,-1.6959119608067217,-1.851619641755498,-1.93689580210656,-2.2727850439542454,-1.907692998978011,-1.7695560790652594,-1.486112724919905,-1.4188173313021766,-1.1889614525531482
PB.B014,-2.421886849566975,-2.638717396876812,-2.2236848176060864,-2.005556615287835,-2.017563639484823,-2.1170589440621788,-1.7592745475665572,-1.8097195228601939,-1.434626717807481,-1.1042844330503996,-1.1267188553164098
PB.B017,-1.9679447797821064,-1.1908808680136893,-2.1192708442631933,-0.8391954533920383,-1.4222832256445765,-1.68040997653177,-1.393389565008578,-1.3351293013291297,-1.2138504122436786,-0.35437346302295536,-0.0930204838299624
PB.B018,-1.4750278367239174,-1.4900703390141312,-1.8262904280735246,-1.885833211705227,-1.9147646499000204,-1.984091532898125,-1.9000955305386908,-1.414229186308888,-1.3034627676583077,-1.1952197231367807,-1.0570335842713232
PB.B019,-1.221544722512176,-1.1841858525064053,-0.9572614418557653,-1.1740258703874327,-1.0209293621618238,-0.19988271363436547,-0.9006207437445497,-1.561242855940801,-1.0483757562013842,-0.7112071428844368,-0.06208969396882139
PB.B020,,-1.6337809140601964,-1.098440436844313,-0.8965546618440333,-1.3691587552517308,-1.144207655188922,-1.444504872136273,-1.804151937177444,-1.2448447144323067,-0.700063179200443,-0.4471622901237715
PB.B022,-1.917809361154891,-1.69376636760548,-1.8861789131109263,-1.6523492814820406,-2.1048871639999938,-2.3539165275224962,-2.454440084921673,-2.4430304752538516,-0.8101001696892782,-1.0161665671908748,-0.9956221516403838
PB.B023,0.03253769707724959,-0.7005434370437,-0.19392530090065016,-0.6165740671342506,-0.8671857599170414,-0.21307048353418365,-1.0857642642680123,-2.225165637513788,-1.6711493718329378,-1.5426995285219973,-0.8965874225851965
PB.B024,-0.8059313586833516,-1.1917746956035358,-1.256945574210735,-1.4990792718037047,-1.3167386913757415,-1.3069958632152359,-1.3805410536675835,-1.022222693872223,-0.7160224520054502,,
PB.B201,-0.3296773197913002,-0.6854218421135033,-0.8051744167540689,-1.078096620578362,-1.1607604038989958,-1.4950922946074783,-1.2867657337034908,-1.1054743152289643,-0.9409325494147441,-1.1609721654698182,-1.170826333924622
PB.B926,-0.9030189066778407,-0.9108918939365774,-0.5438795974613784,-0.7971444692225913,-0.9318885766295958,-0.46876417134166326,-0.7515986221044114,-0.13645484283964718,0.17596111825466376,0.36329258053444635,0.05149799957268828
PB.B927,-0.1560105148412741,-0.5283301108843241,-0.9017187698118316,-0.678110811112577,-0.7864755548198934,-0.554342136732492,-0.8151290836142064,-0.9599318844623863,-0.36227867220850724,-0.27301468290317465,-0.5829598575833442
PB.B928,-0.8062710401219376,-0.8873963432087676,-1.311913844398739,-0.40124942187902934,-0.054511863540753484,-0.3262706742046002,-1.122307284709987,-0.5270441216464609,-0.608571517713967,-0.26886136292520135,-0.11082990537175517
PB.B941,-0.8720918568820193,-0.922507921414981,-1.2190854997426253,-1.1397066100967137,-1.5174815208151384,-1.1851110706078145,-1.262150769304388,-1.8227905833630564,-1.1868643218136565,-1.0897203652190002,-0.7982194134298046
PB.B943,-1.2934010752061667,-1.5271307231535778,-1.3253406918438448,-1.273230734394409,-1.233605322359178,-1.4489153458209054,-1.3897514931493904,-1.3177401902239128,-1.1057366108698887,-1.0076213758391912,-0.7100227497579948
PO.VI01,,1.292346647912403,1.0735099823986856,0.8498955822598154,1.207325958072407,1.3654893035266482,1.2179986175713025,1.1084082030687532,1.2710256750707896,,
PO.VI02,,1.8606368933224608,0.3134696576306041,-0.04647995457443206,-0.039806916135168784,0.07083812862337453,-0.7613426471650441,-0.44875315704653096,-0.4937045081862923,-0.15319795407253217,
PO.VI04,1.1817245237070741,0.6746052191374293,-0.05937227517566984,-0.09795965999557835,-0.436491816107958,-0.6378988967399455,-0.7464089508788597,-0.550854061358176,-0.46221239212757287,,
PO.VI05,-0.16436730292908638,-0.30221764200283363,-0.5098833586755145,-0.41254086519050187,-0.6442121549616283,-0.6962715817285319,-0.7427528667406185,-0.8709294073718796,-0.7512354408876418,-0.6141975642311741,
PO.VI06,-0.2576338337441559,-0.30010521846818133,-0.7134677436720086,-0.694611009493151,-0.584206240823613,-0.4332237375209572,-0.7608182608299034,-0.5091865544811943,-0.7736428625712721,,
PO.VI56,,0.02602903053837414,-0.3968713912959442,-0.29651900972811074,-0.39452262032977714,-0.6542562985020305,-0.5924615698242816,-0.6075614918305119,-0.7475690759000337,-0.23907074845172732,
PO.VI57,,1.1478371730524048,1.5266724351752805,1.1985256719062498,0.8215744518943204,0.8265448915187015,0.7031578231426183,1.060381244123023,1.0575036522503645,0.5700379536517121,
TA.A04A,-1.5574271617733908,-0.9547522458510097,-0.8137094084844951,-0.7233967201109601,-0.8703771913148018,-0.4567518260489507,-0.4603764474451131,-0.29859957406446924,-0.5336668589432273,-0.4285852160820133,0.049227190201028025
TA.A05A,-0.11106837816774381,0.46343776374319673,0.13035006825423037,0.7171716575139128,0.48123440657025873,0.5475633559078696,0.7608742899696826,0.6054929635181469,0.8861457565310816,0.24348248684340243,0.18414674642593834
TA.A08A,2.9469068685058595,1.896099116703568,1.5476021523738153,1.173611875406973,0.7545364457431915,0.9600211368925574,0.788838525962736,0.3396087343511909,0.4052211873682058,-0.2040551805681483,-0.19420885183653114
TA.A09A,3.0502330340571047,2.8567764698269453,2.401396524391502,1.6369191084716672,1.9544462377134297,1.3003824993432718,1.2741356258138448,0.827348610651973,0.7149958319646282,0.007547928957205797,0.1383517573382972
TA.B04A,-0.5947886089214427,-0.33699147243351946,-0.5684738025435849,-0.6047575401865306,-0.021816990293919206,-0.6879625849951336,-0.7184809036378914,-0.592718641711231,-0.6283838039197854,-0.9545673147670534,-0.8190476589759853
TA.B05A,0.13610383703704512,0.3283296971604666,0.41446579513360504,0.23706248424198487,0.7175457081430923,0.3698259226541815,0.1717951499899215,0.08418706184289884,-0.29637938347161963,-0.3728108364800501,-0.315003777223833
TA.B06A,1.1277247044947944,1.4020734897311276,1.136986700870155,0.9316574530899775,0.7583996397275548,0.5006704471273699,0.5646913046517665,0.5329206049554646,0.19699648926739122,0.34483825041733895,-0.4204842384507614
TA.B07A,0.7427041355235876,0.4473022208132668,0.7660719170419776,1.2551745449437623,0.7090542601423442,1.3493051917578112,1.472076326469215,0.2931875668099175,0.685209956766441,0.06175207430001833,-0.1510407149991437
TA.B09A,1.5772070189684206,1.2899518754102846,1.1746693917771813,1.1135016671725821,0.9821706394511146,0.2869553094584794,0.6402425933944337,0.612711076949611,0.08588121004760628,-0.3526701733987689,-0.14869968093734887
TA.C03A,-1.7348464673560269,-1.639302005836038,-1.6683406076015739,-1.3441333003770726,-1.2030380638459148,-0.8546850475583371,-0.9198722138593688,-0.3727511488665782,-0.1971173587235309,-0.3131544416107216,0.11028915769738128
TA.C04A,0.569119127709564,1.0112314042474713,0.5999345268590006,0.9064086798755179,1.0977015361181768,0.7717341450112063,0.21925353012254867,-0.44923902794639925,-0.5565634623713873,-1.365034304390306,-1.2524219261756813
TA.C05A,0.3502191604556637,0.766355442088268,0.4056286463653147,0.11594184291994614,0.21619581200955057,0.26464950283924793,0.8666667196401245,0.8733168500972525,0.10794057983502692,-0.44382775372964084,-0.48676956086758566
TA.C06A,1.8780461427173543,1.5917064927291211,1.7093012498117341,1.5810171710676049,1.4952858416356578,2.236203592218663,1.9764191378901115,0.4468761806605978,0.0860062469800538,-0.5197515403505345,-0.7976201892944561
TA.C07A,0.6750399204527691,0.6045467561400509,0.6457138651372425,0.6934787791929289,0.5866027259566144,0.7640986054466354,0.8677738604958406,0.6196314545069658,0.5414401090313034,-0.4277036221230716,-0.24624655333291912
TA.C08A,3.221664064808059,1.5397946596710783,1.4295282108531586,0.9981021400572999,0.6265187944292755,0.7447241749803734,0.7643543273552611,0.2884113682895016,-0.021264406160877526,-0.33592786666124147,-0.4920439106102845
TA.C09A,2.551739936422687,2.5298260174523386,3.011442662143841,3.5233974767210348,3.0326903814944446,2.4236300013039584,1.787685403260327,1.311954746068971,0.8400699347319172,0.1529805645874469,-0.24217545056550882
TA.D03A,-1.1178858295267795,-0.6004214440713517,-0.9329012132777171,-1.1070077174811526,-1.0388657455556378,-0.9069085788257439,-0.6715317653994975,-0.18883660819548484,-0.30669688685245566,-0.06866061319958178,0.4732209529965411
TA.D04A,0.3433890624137832,0.3399545137202784,0.018770431548015012,0.06711973643471958,0.05597252802777926,0.0009786137730994496,0.15842941957482476,0.48520687205904156,0.68480645010933,1.037165053986356,0.9537618820060243
TA.D05A,-1.525546928599758,-1.2390667604780745,-1.1685097707061223,-0.9155184566471968,-0.8364002683826194,-0.6722277811766031,-0.834576683525499,-0.6431406610039627,-0.16901918965137372,0.03476884081588993,0.4830815086840818
TA.D06A,0.729356131055416,0.9576179841913658,1.0966882551893402,1.0844961716301706,0.7900777483285972,0.6991226666781856,0.6109521693773473,0.6582577488110528,0.6185344632029264,0.8681691542914475,0.7638146858690651
TA.D07A,1.7150205918111623,2.0369677667327095,1.408345272026031,0.5850234646943473,0.4097381768946785,0.21466833014649614,0.245280864797937,-0.11065591388991425,-0.2798988036023792,-0.2517329474818668,-0.278392081198691
TA.D08A,2.3403446987379475,1.5241047219659554,1.0883469443856397,0.7433210776072974,0.6804956460699931,0.4286265164358022,0.5547772756797996,0.14683690736182653,0.008710820065409765,-0.2044347014701979,-0.6026103215925814
TA.D09A,1.9205704120773315,1.2020100321577398,0.9634898458868448,0.7732881470427431,0.3254159614727424,0.572263198205773,0.48238369882093896,0.36045508302034895,0.08160348265296176,-0.15819150835210996,-0.1351466427295171
TA.D10A,1.2975281684877784,2.3251303348816172,3.5144940969925056,1.9738143719867296,1.6370285075600057,1.456784793071348,0.9975946121810706,0.8457707292224576,0.29841065335044764,0.19954593659288664,0.01997375811744378
TA.E03A,-0.13902495554344377,-0.15608812008026818,-0.0839986407783239,-0.5167200699095912,-0.1794202535695873,-0.19912206404404006,0.11420065200165784,-0.10456369829840492,0.0423417612256575,0.32662647689831775,0.3067484644775101
TA.E04A,0.07277475205024155,0.34696736937752554,0.15373778577614147,1.0384518825494524,1.1409935110509253,0.45803534701783555,0.4281868288769897,0.6083037605413832,0.5690095735665085,1.4135607176965614,1.1221593515477741
TA.E05A,-0.2781654141835161,-1.0224851026893376,-1.2318903131118912,-1.1801688729327726,-1.257123788348949,-1.003331047070557,-0.9896840281441458,-1.0245084396245,-0.7775075939507039,-0.5082915070052549,-0.8060250851176947
TA.E06A,-0.29790676746981654,-0.8241306263969562,-0.7687539410842221,-0.21659301598006317,-0.33036683570933195,-0.25041220659450597,-0.6362343777115905,-0.02525585367229957,-0.4371825266258764,-1.0004105063736595,-0.547656192627493
TA.E07A,0.17202863012949854,0.12466653319350325,0.5253991607820295,1.2609919847660127,1.1457673230603875,1.394244594539628,0.9905355492257519,0.8421441299019519,-0.12753862776530517,0.13590917585340356,-0.3025790768405944
TA.E08A,1.6959244975695502,1.3239957124352815,1.6945859008560697,1.3291284156359935,0.9646236789327384,0.9402549285614478,0.6856476889885978,0.09668295937545913,0.48313786962865957,0.16559511744438205,-0.5357442006959091
TA.E09A,3.210794962695237,1.7057458664527283,1.8427773911837122,1.5678779773271931,1.366599262524471,1.4404442538047606,0.6590762262854523,0.7180538242360979,0.7197959411073478,-0.1150268344120385,-0.37747738580117546
TA.F03A,0.17565249515442807,1.0973769280285892,1.1002326487434604,1.1861328813569771,1.3175000286361405,1.2737858074224748,1.3922373024480446,0.7179470269105377,0.8297439012226567,0.8542520608110256,0.9109424835636679
TA.F04A,0.47680445932030346,0.06419326280103159,-0.24821557068657016,-0.4797887577702068,-0.12177986260916934,0.02358024952835297,-0.030211869201420265,0.05877467645192722,-0.21594955753490552,-0.21554160905227496,0.03682379499935036
TA.F05A,-0.01669470002099244,0.11231155746127121,-0.17642083743296252,-0.10123622934783752,0.05238549361467714,0.08820283162335939,-0.062219509413368755,-0.26926951676559235,-0.5434690997399105,-0.450450312294437,0.08464818501942026
TA.F06A,-0.31088391866797005,-0.6260609895043919,-0.5545266133857656,-0.557814819253838,-0.48918536662739104,-0.36153441697720007,0.16722816078926653,0.15766382674203538,0.18684982691002378,0.11460794726197293,-0.10497830395472785
TA.F07A,0.4886893994558902,0.7465764280721194,1.167646150392209,0.9269204196912192,0.8329334143570523,1.4755201872884462,0.9553479223159341,0.41151967339133116,0.8110773099549922,-0.45977372454789567,-0.028395756238756398
TA.F08A,2.245582274957613,2.427930281374941,1.521144329247902,1.0237412527093586,0.6808413325479895,0.3370499168971591,0.1538531147111416,0.07867961238448817,-0.07348273303013467,-0.26527517273463025,-0.22821611658558372
TA.F09A,-0.07930269639250258,0.4798844531253702,0.4848563635967623,1.113905711976044,1.0425168202195088,1.0183433721398618,1.0779303210506492,1.2624350923213992,1.3715404900113586,0.7411636864000289,0.08030646663386236
TA.G03A,-0.20539340250246707,0.005761824359695042,-0.06007315027013765,0.07294648026880862,0.2163035612133142,0.25498403721816254,0.44162844364934256,0.7501036552372102,0.7209718338513496,1.0697144470346296,0.6082697906808345
TA.G04A,0.34616875565398714,-0.23862093955689154,0.398024802449683,0.5311800112706677,0.621388206078274,0.16653736948280182,0.6616163944387456,0.6157356382513368,0.6182443806956844,0.9519530194664895,0.9592264839973632
TA.G05A,0.16639888548155343,-0.07672918921805036,-0.2727559328465686,0.3879954845187462,0.12727897088897044,-0.23554768250692637,0.1290533163874329,0.04750722024870412,-0.10577172634245184,0.016303408917588264,0.23991910434417132
TA.G06A,-0.010669386493566968,-0.20367297673208384,-0.1788353577335306,0.038468720651110594,-0.11682526483725851,-0.05580792225642345,0.017526144658232105,-0.11690874947955722,-0.4255807334439135,-0.2022246896850357,-0.20783839424122738
TA.G07A,0.420477878654477,-0.26340720596004125,0.2875873140319645,0.4327287238521522,0.3044095719233243,0.22750887260622718,0.43896765740413224,0.1512064066791669,0.38354001925610753,-0.49350290466289953,-0.30130038818280885
TA.G08A,1.0606217196671783,0.9149775810561366,0.8237000868333322,1.0139008347078793,0.6724392662152586,0.9340467564767619,0.6764646632713072,0.16449166745991256,0.07602430577776759,-0.35220985699226665,-0.5942664854681868
TA.H02A,-0.22588803785897812,-0.4422562639972329,-0.5190428734813937,-0.14519921693607993,0.20756897005311994,0.09678870025702127,0.44722874163872917,0.4472424837622579,0.37081627944503803,0.2753869203080961,0.7336925424551609
TA.H03A,-0.8844195054966185,-0.9096234013826281,-0.7919791279105559,-0.8211222465920639,-0.49334113257543444,-0.6135313744790367,-0.8074492578201619,-0.8851584455137518,-0.858486794176633,-0.6795386035630572,-0.5264174566056099
TA.H04A,1.2045351686294388,0.5682618572811123,1.209251227200737,1.2492458730988167,1.2675204318532618,0.8419746205889632,0.3647822568652355,-0.030066935710335266,-0.19123044137987408,0.02992176584453035,-0.5934721210822439
TA.H05A,-0.7240924643312519,-0.9052594046756874,-0.4287550145610346,-0.816175222156895,-0.7220074594211487,-0.7334148558818075,-0.2887972110289103,-0.07860579619674965,-0.21232485972621157,-0.25138344098126264,-0.1795690063410867
TA.H06A,2.0868926534197207,0.5937285438825818,0.6722624777435299,0.4431362944854788,0.3462785748870155,-0.06214468933677187,-0.22181049663362257,0.2756034749782783,0.2436288807692897,0.6399303484512819,0.22101227119745276
TA.H07A,1.153277688219799,1.1066526503462972,1.168968397908822,1.1623160615699104,1.2213299573949803,1.1258696230195642,1.1706712514028752,0.883351826733445,0.7515110974991811,1.0427507935155398,0.5976742619623708
TA.I02A,1.3204890875871527,0.8103673369179788,0.6167953707739677,0.3684216212197228,0.8169680816287008,0.33664576962713305,0.21265320628608284,0.2708429976033296,-0.18815060993619956,-0.21094814195535394,
TA.I03A,0.2823936968991169,-0.23681769296177713,0.47002540207180105,0.42282600178228924,0.6290738145871847,0.09487235392575893,-0.32629248367137986,-0.17169652115670858,0.019062467690139737,0.517933618287148,
TA.I05A,-0.6893034232768976,-0.863302403242184,-0.6023325729860205,-0.1338311386345222,-0.0617701033716182,0.07777494237132852,0.2290447277552986,0.3634702451992057,0.20412485530845748,0.39893433177988924,0.21028186460266224
TA.I06A,-0.002063421569555068,0.4547507094524325,0.7487706923957037,0.8057380748893153,0.5120635087810439,0.18985907515043426,0.058221932065227626,0.24896933668088106,0.1550231074718568,-0.19118033777346888,-0.039707140429238286
TA.I07A,0.4064943496922223,0.2533740298959271,0.0322090197395944,0.19574198256784994,-0.3926353860686904,-0.17863167059660878,-0.5405066322551147,-0.5099795176884749,-0.3475017332686904,-0.8930705501952766,-0.31735362113438387
TA.J02A,0.3845072614366726,0.9951943558762294,1.1063017127883645,0.7763387845371866,0.4672390378869098,-0.320083527151144,-0.18065087923813383,-0.2790478381338034,-0.5971225342742281,-0.17263353780158888,
TA.J03A,2.4386860577948393,1.7229509737372612,1.1252471958114763,0.7535112736512282,0.27177264820077934,0.0411544125433526,-0.05978155469091437,-0.3050835348846913,-0.7005026555388121,-0.30116161726099927,
TA.J05A,-1.144075713293242,-1.3579313730203701,-0.4978899125640249,-0.6285897944562846,-0.5879253407122177,-0.5842907064586244,-0.714832926545617,0.00871319546779856,-0.034842119284765216,-0.0659310977970615,0.27087240816300145
UO.DBO,-0.6506933818442162,-0.5375750952528683,-0.016602918211521944,-0.32176526106315034,-0.17191615415437933,-0.38996566416861184,-0.21812148349814628,-0.28137170363843156,-0.15656803719854157,-0.22802485572599074,-0.2966779936081837
UO.EUO,0.7507258947741128,0.09285352494632,0.05513964509153067,0.10280470166265017,-0.22158317881306538,0.07993865181494948,-0.0983904517422709,-0.09752035142576619,0.2259040918192565,0.09940860317381094,-0.4218222027367082
UO.HUO,-0.8007878744556466,-1.3256242507855336,-1.3887481555097851,-1.4979517280794294,-1.2325426572886293,-1.217777225080104,-1.2022747615139604,-0.9076083047181595,-0.6150289266881968,-1.184857077910701,-0.6973809120682553
UO.PIN,1.537924844959212,0.29414835798727895,0.38580493742721234,0.6926000284556869,0.7168448679945967,0.7809995014835696,0.5951969920348332,0.602595415315032,0.367834599827161,-0.1751265528270992,-0.4324895855387282
UO.RAIN,0.9615575186365887,0.034899159442826976,0.019961917873445617,0.10073886306754509,0.061272011644179204,1.2710809086459938,0.4701020679397718,-0.07069890112464938,-0.18820837493230064,-0.6379802779957549,-0.16672995458790124
UO.VERN,,,0.12094695692264536,-0.017170256055881284,-0.1275943282641295,0.09389108848897593,-0.04332515753219377,-0.31865650503961823,-0.730790198876371,,
US.BMO,,0.6316962060014387,0.49676118673514646,0.6876029645555125,0.050637956657604274,-0.1403723935561881,-0.6055907131895548,-0.4519226421476134,-0.8076741021834924,-0.3568409992524227,
US.HAWA,-0.5554456720925487,-0.4822340431896739,-0.1922932637435267,0.23359768658376853,-0.3295782749852615,-0.4230541882578456,-0.5078874458182068,-0.3718803136309003,-0.7482452213686368,-0.8129333830114819,-0.8297077420740203
US.NEW,1.1664932928177991,0.6697717581766939,0.2123296192917056,0.05633324825948022,-0.022830148014208233,-0.21612846945089648,-0.31551826647321507,-0.7369091935300242,-0.867007751141554,-0.46045834278562664,-0.5215138813836081
US.NLWA,-0.8776529362977958,-1.164088061167745,-0.9488284647662576,-0.7916631105862773,-0.689720186526511,-0.6974032560547861,-0.6644912256096926,-0.572052066905516,-0.6232123204229821,-0.7699493917148019,-0.5689491516736407
US.OCWA,-1.058696097510958,-0.9091196905891363,-0.8876250483670046,-1.0820556607506262,-0.8755717836628472,-0.32678328826064107,-0.6510984258045174,-0.34752044413840816,-0.3427144937249668,0.22024327795692955,-0.11293154714988238
UW.ALCT,-0.08109211265023306,0.05511530171486512,0.06928009852248529,-0.3224611510176514,-0.3183234599936275,-0.12759518203094863,0.1456662528627662,0.512555323249632,0.47654083525594393,0.5501352279261831,0.6162853454999597
UW.ALST,-0.32001454064522217,0.09030841771074988,-0.0574865253873858,0.46122776991905423,0.7124524331910542,0.5010014874923696,0.33456102116333053,0.14826582494210383,0.08439234214377654,-0.3713482330832407,-0.2017037278434955
UW.ATES,0.6367914959422768,0.8288012315956375,0.31744655063253574,0.7400185918299816,0.4786555110548181,0.3797316233478347,0.8450746807088205,0.599519968383917,0.29413096867762295,0.32506281958622546,
UW.BABE,-0.9057298606340785,-0.17833755488839753,-0.16422915461059953,0.1672573320353291,-0.07110927753889935,0.00997632024361222,-0.0320411556122829,-0.21746410355406465,0.4262058335950436,0.5304470984264565,0.030609692079494315
UW.BEND,0.07706090030795162,0.15291932605397549,0.04430438394316739,0.0853642032594012,0.18262378497716222,-0.00028234685801836675,0.02758882728007698,-0.2622580408837428,,,
UW.BERY,0.4330835874567386,0.19056400952936325,0.2521262009823167,0.7503243173859768,0.656681826427849,0.45139029670007275,0.7021036076094959,0.1299124697770579,-0.15761630624149187,-0.07077453195666741,-0.02866894807622562
UW.BEVT,-0.37296407474922194,-0.24040778248457287,-0.29179597163847576,-0.4215273442125888,0.038034775273699896,-0.2201458495036657,-0.12464312421887559,0.2550343755322252,0.35486980217681185,0.7392165114821025,0.30862762816745254
UW.BILS,-0.7795353341290159,-1.5100622990605193,-1.8979007936659056,-1.3285261789281448,-0.7996791526256157,-0.5542535976035422,-0.2640394621807978,-0.3038218612268318,-0.3379834191220512,-0.2726121311891027,0.13145610893010376
UW.BRKS,-0.38950042949454955,-0.19069082596102876,0.10011941060129396,0.4419924333734682,0.8418053679532012,0.8913849116542533,1.1386902658095226,1.2197641406784974,1.3579257337685369,0.8565934112326233,0.7156063650328609
UW.CDMR,0.3342353053065809,0.674416799255485,0.4638728670212356,0.754942669143352,0.719678389469708,0.7827645531019073,0.7016446374392078,0.6897278212122203,0.6126851130127982,0.1275646382404417,-0.0276621576940557
UW.CINE,0.6725712578221975,0.15201224107893935,-0.3352197064057022,-0.7536522579101912,-0.9161333235666981,-1.0619866374754834,-0.8301156853637207,-0.9552719876019173,-0.8817485651501955,-0.6326670175305351,-0.6453824037912691
UW.CORE,0.30339341732017855,1.02437707865708,0.7026224069546455,0.517556177778941,0.10127043229429133,0.6457368374839603,0.37434353067149023,-0.2187126460924803,0.11522079725193839,-0.29810712813342277,0.7251404939994558
UW.CPW,,,,-1.054750558207692,-1.5454289206152079,-1.2210138742208487,-1.2368861186431035,-0.8641530552692679,-0.8218376825289999,,
UW.CSEN,-1.0726138719506833,-0.7388960597997517,-0.3142865720185234,-0.09740343591935441,-0.33552931560560434,-0.11027026419065304,0.08876288078605489,0.6896429410603184,0.24302399012589798,0.4987797068112634,0.6675369551524348
UW.DAVN,1.634227708142791,1.8857368381604027,1.2567293595576874,1.4186751290166273,1.5882448671207852,1.3543217633228888,0.7949707543271256,-0.01610208580974105,-0.043189156687114004,-0.6767660165898004,-0.43047618168797636
UW.DDRF,1.7177819803470422,1.4921323898483903,0.6680881500102537,0.4256881840662995,0.5916114181962092,0.4853946658461144,0.17717070047495584,0.08374030173839529,0.19776692227196352,,
UW.DOSE,0.007923190232336176,0.6742515779686934,0.4523197774550098,0.5007383114219995,0.8363398885726736,0.8574341025579512,0.1053766644604418,-0.5933733124127961,-0.536557853148979,-0.684158862311375,-0.6737128144091474
UW.EARN,-0.35935010757446034,-0.11566192101434766,-0.4819064311945303,-0.07182638085737732,0.11722938726415189,0.2466674070158907,0.30498684753843114,0.3867082299934755,0.6001012847311968,0.7238434100049367,0.42116441459129533
UW.EGRN,0.7335619002869102,0.5934401013733237,-0.22392574361953996,-0.09096265827251569,-0.3335363481852755,-0.0362793472619672,0.016493044061979958,0.2996155473286344,0.2935019515450084,-0.08153581676396995,0.48665608779063835
UW.ELW,0.22837777958263072,0.23191659733814296,-0.29121896224922716,-0.27843791471911583,-0.3272164860061863,-0.06844080726821987,-0.011247761806073555,-0.031080699865267833,0.07852723319665901,-0.16631638988961578,0.07193507065332885
UW.ERW,-0.7041660072974854,-0.8595670153825287,-0.7838682261278197,-0.632451643620928,-0.6745906109668793,-0.8811627881110466,-0.7829694736155571,-0.49006946745177066,-0.369291755030702,-0.8646117887208421,-0.9069685574327763
UW.EVGW,,0.3820465076884021,1.1779761756932945,0.8350397023216186,1.2304136100975478,0.8703369375718361,1.4199868981569652,0.7062641977089186,0.8877603001700883,0.5613188348045988,0.9845850443983453
UW.FHE,0.519595518383611,0.559686746259102,0.3193032927822566,-0.2616352056510578,-0.2529179225684501,-0.5929720441611639,-0.8349018515808012,-0.8595819419169295,-0.7226231320778714,-0.6260618632825043,-0.568754120570461
UW.FINN,-0.9010804396729114,-0.5676217452835112,-0.29727308382934725,-0.0490021666351098,0.01841616723754631,-0.18379222768856454,0.15943025577622852,0.6081859269718622,0.4569443434886898,0.9958777707255188,0.5766331697805752
UW.FISH,,,0.47945222714051067,0.9105378580770731,1.4185135718812472,0.5627183773404185,0.2697732793112997,0.078194676004745,-0.19734506483503983,,
UW.FMW,0.8851545085336785,0.9622568103104332,0.69813556949443,0.27084358925597124,0.34530044176232166,-0.13152716572988307,0.2693948289628972,-0.16775309959993948,-0.044442373795584716,-0.8197673773719423,-0.6044254339109396
UW.FORK,-0.975065582145843,-1.0982068365493194,-0.814132795872982,-0.44555204101464896,-0.4059478935017176,-0.25668464388581713,0.11802271139924517,0.07839465421874373,-0.03158771735537041,0.18069847685543727,0.18052652686145967
UW.GBB,-0.23834555140760338,-0.4460216432056282,-1.0199212758674683,-1.445964244438569,-1.3706940543596595,-1.832950168142389,-1.5939865881021242,-1.5647784339986015,,,
UW.GHW,,0.376418333261247,0.4175644205160154,0.13310043755427656,0.26055672388187995,0.16773506997122245,0.3106306663906374,0.11509561259022014,0.06455243713695906,0.8520766730878999,
UW.GNW,-0.14396481074857762,-0.5923091952183753,-0.7768518131766712,-0.7122820638827239,-0.7909319308897087,-0.8248550286650845,-1.0767344131565906,-1.0273448770825475,-1.1660681084164055,-0.8451775548977671,-1.1221665783640242
UW.GRUT,,0.6472035364002815,0.4336791175164269,0.6968367069744532,0.2570371128737044,0.22108867141285277,0.5909790595442319,0.7147946850575054,0.237062432638117,-0.03894297659733915,
UW.H1K,0.2194039767729115,0.6749201125332519,0.8839617162905725,0.4939427139626607,0.5929916080030186,0.7755879040089685,0.8272416831531159,0.6626392884733404,0.8086522812597221,1.2527710638042688,
UW.HEBO,0.02991374870227573,0.2767736232686824,0.24254379418366337,-0.12691743691520477,-0.23717861904757484,-0.0839417999607001,-0.46865678834895313,-0.18243807772664117,-0.07847070284252541,0.2368182572753347,0.6338971724956338
UW.HICC,-0.4160031395579326,-0.1499300381625212,0.20121180071050127,-0.04439690126245678,0.08552537573811315,0.12712187237358372,0.676129263556128,-0.18839808788683182,0.5460717814647537,-0.0528849448390354,
UW.HOLY,-0.9481209256502027,-0.18506536879973573,0.11045878983973645,0.1344708209026254,0.36016078300645893,0.2598431550629527,0.20499591061894665,0.6733011292471944,0.2675264458560569,0.6416066194878041,0.6015088795186894
UW.HOOD,-0.07044597095024309,-0.2510338536035496,-0.6469461138225682,-0.45640271315876396,-0.5545496352873424,-0.744768334039001,-0.6754802654469668,-0.8545102739893148,-0.41513599324768086,0.18323714135968064,0.12132914462170838
UW.HOPR,1.1936213169495091,1.279276777519023,1.8830304205483006,1.1648631673806056,1.2376893674858218,1.499068769230456,1.6462821357201645,0.25925928206123344,0.4264461086672454,-0.47570278327328663,-0.2636806807406339
UW.HWIW,1.2420161945500394,1.4628114365350893,1.5923126090890296,0.833878005778297,0.758961016894323,0.9222308035447483,0.8271678308879888,0.6258293953615076,0.5113015110693228,,
UW.JCW,,0.3987746052333512,0.9366645843618789,0.5495727774059368,0.3801322821403912,0.1683890221000975,0.328063042286085,0.3900081559443804,0.055512632383919645,-0.12651484203253946,
UW.KDK,,0.7879215409595649,-0.013697671463612452,1.102613778003596,0.4451449017699276,1.2255928186298382,1.2130664364278523,0.9453912177391725,0.7792298851105891,1.2852507836015095,1.0605728666114311
UW.KEEL,-0.1244547844971858,-0.4158259562304837,-0.46587149453951326,0.028118145667770027,-0.37062067713116736,-0.6077017663172728,0.31930712308116327,0.2453009029836968,-0.011505005720732755,0.6344758418416959,0.6247165053512902
UW.KEYP,-0.6247520966702504,-0.25434092617224174,-0.43270866439152905,-0.6056745551493982,-0.24539351618413863,-0.5560554168006395,-0.09455591335239198,0.07059071190587404,0.07953712069387461,0.3422397922138161,0.4573827074023191
UW.KIMB,-0.8143689001767236,-0.7021252780130844,-0.376245080488086,-0.14047431964314774,0.028873721337593486,0.11726894283221356,0.40538788379605506,0.8349051902444552,0.46184151179599997,0.6145825956998617,0.587150027443454
UW.KIMR,0.40212158970757067,0.4354211275820929,-0.11149214278935993,-0.15371912241671687,0.07228282605526733,0.0075233711303526124,0.023300634373595797,0.27336457139482434,0.24288310969183746,0.5634719514281435,0.6883161587734947
UW.KINR,-0.1037662562884412,0.3049287757632901,-0.009251801062717455,0.14459227602028493,0.24651724073789538,0.2733581307784104,0.43271787234160575,0.7184949257594804,0.8752768495997978,0.9402900866008563,0.5844090075380255
UW.KITP,-0.32243696695272495,-0.4100443663790962,-0.3086518459640425,0.1559043995381959,-0.07208248526142562,0.3257915343731122,0.20080702527384378,0.6832925877210517,0.5605986813029962,0.8462450098709318,0.8327989431244232
UW.KNJH,-0.49807101246180036,0.3061469062781092,0.8012966934590913,0.8138265070370408,0.9135153404762265,1.3478506975541693,0.9759423257202725,1.0479455094215941,0.8186862863306662,0.9138667214835711,0.45592143728123447
UW.LAWT,-0.5323188288405187,-0.033165278417972496,0.17776858311037388,0.4885711530421039,0.2603513438289822,0.628510562683321,0.7478716874540761,0.7205768524173858,0.9903676336144075,0.9995196391308948,0.6612256319333892
UW.LCMC,-1.040766818674346,-0.373856888910599,-0.3639259538237996,-0.09343709316759584,-0.3578898525179146,-0.6918378893731075,-0.5404115232705136,-0.4772451066324201,-0.3215323045633587,-0.6845458860166802,-0.460883290283543
UW.LEOT,-0.5233787922854808,-0.22591853298693337,0.3912720154984626,-0.012130984726871468,0.23709627484324228,0.3435061069092797,0.2324618220976365,0.5893375742585814,0.6196457361682742,0.7786215750952298,0.5061770012018046
UW.LON,0.14918300971405105,-0.6138390828613033,-0.5905184593535078,-0.8134359673152798,-0.7748222888597928,-0.8037300599994585,-1.046435238817254,-0.8250137933888624,-1.0163101626009883,-1.1347727648886494,-1.2150476401388246
UW.LRIV,-0.34927619084923284,-0.06159311273788215,-0.08720657016470808,-0.06709691678443706,0.03613439997428469,-0.5146386789281512,-0.3531787518089683,-0.31667953410652133,-0.27785946259379274,-0.34461728028815813,-0.6424383633467163
UW.LTY,0.1460415807578302,-0.24407575591697242,-0.4289455413749393,-0.5681437664034,-0.567829352046187,-0.3115143414084851,-0.5810418453383944,-0.7595484563582389,-0.8171451116674794,-0.5390855213052295,-0.6151148912571617
UW.LUMI,0.2590367263197428,0.44393736759474883,0.8596593744964489,0.9396514402040527,0.7179838148732655,0.561508760154016,0.07175008858873422,0.32404082177241733,0.5972623017505255,0.27384490557707497,-0.10900747727846566
UW.LYNC,,,,-0.026273001464709643,0.2803763840407806,-0.0054844312524259,0.5452498627578665,0.35157640858839906,0.5692342622474875,0.4933344617736968,
UW.MAC,,,-0.4963723006443142,-0.43494946904716647,-0.15303470243629058,0.2154304012728602,-0.12748294564442117,0.3800095568573197,-0.12209282131314353,0.23886518963775039,0.8233841096973399
UW.MARY,-0.127749008449366,-0.17674569062294926,0.23680066752343557,0.7865878121641229,0.6818199940489091,0.2850568593440652,0.8893101372178015,1.1250336923954125,0.9325072804343086,0.8428910549742553,0.8917361763886184
UW.MBPA,1.0224443740870177,1.0860485696279818,0.8152116477051705,0.6405424391343832,0.0773842350138728,-0.25021783612844706,-0.17732671964376515,-0.38256265905250014,-0.23004689205015474,-1.184168055034545,-0.6865053875699602
UW.MEGW,1.3501361581101468,1.2183556295000675,1.3048638339707006,0.9214500691403904,1.132090460690432,0.7411589001132738,0.25750397328452207,-0.02383741964049871,-0.19445448248448244,-0.23052646485780515,-0.4355203328010644
UW.MJ2,1.8698636541628195,1.8730291051011183,0.7081118627763588,0.935188737909108,0.7391131331384299,0.8846917327907995,0.8863175856527513,0.8768366014349227,0.5144953537363717,0.2698840666565542,
UW.MKAH,-0.4449511436036338,-0.15719065772544305,-0.04344512486344121,-0.04080856569831922,0.07802331445501236,-0.27364676181143427,0.4085084618794845,0.300530620358499,0.34035595141928254,0.5622224224230917,0.26942009230974595
UW.MPL,-0.782078049431608,-0.21203077967357353,-0.32970795933068925,0.0008728938580144958,0.08111443247082904,-0.06186362553840293,0.0415325074039649,0.31619878130886747,0.1188795038465567,-0.12980967874909724,0.4810531885123034
UW.MRBL,0.9911279586625028,0.6837607635761637,0.8434738791823148,1.0222457440197263,1.0044507922951071,1.078971124812716,1.0179123367878553,0.5787699203322993,0.11535094150641122,-0.43063626242151753,
UW.NIHS,-0.41536955641329865,0.04851623700338751,0.3523706575167887,0.4441099354997138,0.1470097960111929,0.4488306510487854,0.8531612963206369,1.0079956569184916,0.8854672875855794,0.8099882378550373,0.877030885020513
UW.NMRF,,,-0.7515769448162408,-0.37021091053344757,-0.353612709107036,-0.5821586384078616,-0.3938133344768827,0.40731672556384996,-0.044927954960378734,0.14862649318025536,0.36784956875697056
UW.NOWS,-0.9936112425496507,-0.577857936046272,-0.3858700910478379,-0.1922100680034693,0.10892329323510566,0.31097002296593446,0.4010437996404564,0.7221973929410224,1.0192158560349316,0.8702300509585729,0.7037509830743253
UW.NWPT,,,-0.3061159157746898,-0.09817244274228373,-0.030297172926301744,0.10040914703141786,0.10964373491296227,0.43622967012718494,0.5992415693445159,0.37603117936851677,0.47616627852200444
UW.OBH,-0.7107484574372457,-1.1137239568161463,-0.9554687411520688,-1.3625276823883865,-0.8913889925380277,-1.484256429164124,-1.622490307421881,-1.3261620173359339,-0.6484818470117509,,
UW.OCP,-0.9703710151548582,-0.6836078540589118,-0.5064497843163269,-0.37391787290196826,-0.24207592025942354,0.22969379175747703,0.47738023376011135,0.7438097169377945,0.18038746004088102,0.08195949428730348,-0.17127906590534892
UW.OFR,-0.4543601481173958,-0.8230335117721073,-1.2319619661744738,-1.1053129842818328,-0.9300197765107417,-0.987168213653399,-0.5964927289872949,-0.14939362392732045,-0.10154751458778186,0.13551995609837775,-0.22655401219787016
UW.OHC,0.5367995406705363,1.192102787493986,0.2562447661713278,0.2724897649608465,0.10210177060962035,0.1004368928765729,-0.001623158889813474,0.8067407466049544,0.7804917430759207,0.17031066257192967,0.9569119058995893
UW.OMAK,0.6845168394796884,0.07303962797183275,0.1352783415456226,-0.5296727781216575,-0.36102391064847367,-0.48610197560564306,-0.4402020653257281,-0.5768980969828807,-0.696829925286656,-0.4755819081991705,-0.4550448170322631
UW.OOW2,-1.4911857321844693,-0.8672126130448464,-0.7679666276869057,-0.40808761229334845,-0.48327234495156296,-0.6454759546254835,0.03520182725450018,0.19293038125350062,-0.07888961338882428,0.28115512698579165,0.449448654499213
UW.OPC,-1.7830369533647954,-0.9859620186983502,-0.8626767345391703,-0.3938246458581716,-0.5039173098768817,-0.1882867651612043,0.06909417126921426,0.20312804200775245,0.5228948434425956,0.38546610729502456,0.2927173435374107
UW.PASS,0.17806330213114727,-0.03842617119613513,0.4989702075370864,0.25500426431853124,0.08609768073860634,0.18134635549174588,0.23042376596383354,0.29398775298262475,-0.2325111046162743,-0.3783102915695421,
UW.PAYL,0.9669732939701756,1.013802785962622,1.2397663967145427,1.4410364085139502,1.1769859918487906,1.153421866796378,1.074062239766391,0.9948461571156719,1.0867891073402645,1.2300694411797226,1.153594496182652
UW.PCEP,0.9349682934790263,0.7870686604515357,0.18456929544791667,0.09687989021325358,-0.04007555543657148,0.39034056913050774,0.32640617627511415,0.4270658205203542,1.072639842011452,0.08839589232001982,0.2338012882537747
UW.PCFR,0.6527887059966427,0.6911400210911888,0.07162167460002168,-0.1386713594518965,-0.10594542236966858,-0.10249622010962808,-0.26275107808650955,-0.04370612752498503,-0.33008481783960064,0.20010906125806432,0.7008461449560156
UW.PCMD,0.49944594032380635,0.7493153987673691,0.4137450266187935,0.8400464358422152,0.6446545123664953,0.8550008551201916,0.7888346298057366,0.9398665676133556,0.30446983807768746,-0.37055210450245446,-0.20073645600043022
UW.PLBD,,1.1144390626065366,1.6564038639917191,1.4841921222064078,1.6252814070810218,1.4124248174202092,1.6647066731055387,0.9001566272600999,0.5446319034846556,-0.2419154398542815,0.017988705170879492
UW.PNLK,-0.6499520690289741,-0.36396428916461326,-0.37971949480216727,-0.3893482119167247,-0.4349929489285975,-0.19782230807697607,-0.39360375308691414,0.2545775033028806,-0.11190151206183405,0.46958005202126335,-0.07710983006122313
UW.QAW,0.7033467512107294,0.7581744057280612,0.07243944287809805,0.35756552996053287,0.20291759154573882,0.1053129917425258,0.6627332625003455,0.5566556188859817,0.56045061495896,0.965300020331148,0.96569826831749
UW.RADR,,,-1.2185129114426754,-0.7558240990673528,-0.6685918237477717,-0.46607023578669143,-0.4433967275958883,-0.6089906525627424,-0.6427209076712787,,
UW.RATT,1.0118883214974144,0.3352266335216705,0.7689553002541117,0.26699104517812217,0.048301720901731814,0.05426042007464916,-0.4833373209494686,-0.09025579459425956,-0.40410681056755027,-0.5404508719865345,-0.6521735736197715
UW.RAW,-0.029335811694435575,0.2619095388493124,0.3145619097701287,0.7887128567329948,0.5690996248869914,0.6403434514273978,0.8171644255880784,0.5861733616209354,0.9873168686198338,0.44308410743589977,0.3373993699160126
UW.RBEN,-0.42412159682714984,-0.13150285428624287,-0.2673619173222376,-0.28519189738631606,-0.28315927911546174,-0.178895447834974,-0.26954299429629724,0.21029712269229972,0.3260714256838816,0.4732509090067881,0.4999968575796515
UW.RCM,0.08490409805068287,-0.20696656040876638,-0.09145158095855341,-0.4043224735812632,-0.2489253772587292,-0.5310690982730649,0.06130792107538205,-0.3812463685665877,-0.2761193333666973,-0.37442858680779695,-0.37811676267008426
UW.RHAZ,-1.0132930539490776,-0.7836271101154071,-0.708053320531598,-0.15638774203115852,-0.2689243647811591,-0.4154836230257247,-0.16118381886370012,-0.1596852340425898,-0.16193932254683308,-0.3359991620900814,-0.140860771255678
UW.ROSS,0.0005435692584170288,0.15315124590104237,0.37164605591193123,0.31848218939652984,0.335106742611546,0.4172991566912159,0.37096955409667903,-0.3537432993010863,-0.2133729950389556,-0.3076115992199704,-0.14969495921532536
UW.RPW2,0.11394503970031167,-0.2845557949647656,-0.035923073115118186,0.17966893461058617,0.18979310037754213,-0.10621474304313126,0.02367990266098149,-0.2332103107750489,-0.5014251087065957,-0.6699146076858958,-0.20252246297752644
UW.RRHS,0.33747917348596573,-0.0045543233283127415,0.2962438327687581,0.46265938437009124,0.4515666303623398,0.337615778617922,0.36800565325485424,-0.0546372926972442,0.04760573999738384,,
UW.RVW2,,1.045786415646827,0.8805688757122708,1.0550257271558452,0.49016089290047776,0.21305842440361467,-0.262571389484782,-0.07243746357836235,-0.17626627661049304,-0.38322796657545516,
UW.RWW,-0.6413374377440011,-0.8361624255042432,0.0212541087390638,-0.005626047036725709,0.30324867774666486,-0.2461404339061802,-0.03386307845573755,0.053557852234252516,-0.11819465291516688,0.02842037312148924,0.10242466784035538
UW.SBES,-0.36606999641562876,-0.48946507981309456,-0.19775391135491682,-0.26127678068524673,-0.6504336068720433,-0.3254420953844602,-0.32771762237325197,-0.436872351605651,-0.12274365516388978,-0.07390671773148907,-0.8503570515407238
UW.SCC,,,0.38950905869367364,0.5577016294679638,0.23071752087096092,0.1395633125991218,0.37563430710730356,0.7001816063225483,0.6632819372209918,0.5535630297710373,0.2875483289132267
UW.SEA,,-1.5417244059540691,-1.2623728002194137,-0.5134107452371448,-0.7506957110921012,-0.4304349239313809,0.44769972914248707,0.6636869676148605,0.27354900866983395,0.15800658977334522,0.5335939633429659
UW.SHUK,1.2152777613267776,0.5777246559784767,0.48079425847646734,0.17634007643578897,0.5482120281270477,0.4278670577583991,0.37400252036860054,0.240217876825703,0.08669620120639115,0.2028869160977433,-0.19711582557353477
UW.SLDQ,-0.8848118285299224,-0.36435221251905753,-0.7634506150145812,-0.9545120191031103,-0.6017016069988984,-0.6449947310196573,-0.5589300788521169,-0.7486503930925817,-0.44464296383798996,0.1957986659460432,-0.22065409413337236
UW.SMNR,0.09667597712879722,0.72594068784345,0.7326321337503784,0.4687449062185471,1.0128711440475353,1.3019770513245672,1.0813455243683618,0.9592147146381474,0.8579654098225126,0.42565829247291953,0.8867752393375137
UW.SP2,-0.37346072060638247,0.2107416540332333,0.19886786850556645,0.5982480632248814,0.790992550718614,0.7261255931319107,0.6323073777273648,0.8344067581501233,0.6349189250746915,0.8335376121075585,0.5854451280765065
UW.SQM,-0.2663043905377878,-0.11891895370938037,0.4173658072934522,0.07087774050141367,0.27330043453905467,0.38986350125404046,0.16520078780705824,0.4935577917776347,0.6204502225564401,0.7389637063963572,0.35379737334540545
UW.STOR,,,-0.9170086919994368,-0.39921835694048974,-0.45135941841149974,-0.2194079327220548,-0.08101430387409216,-0.14205018567740219,-0.05719112657813387,0.507494988019611,-0.4209380771508348
UW.STW,-0.07897935837810786,-0.19688116683425008,-0.03586368236074169,0.3157262459090448,0.020819377155325246,0.2037367647702289,-0.45181622590274517,-0.09474289398064838,0.3691482092357243,0.29297767193630175,0.41683453975725204
UW.SVOH,0.13158622737205417,-0.2739505719894393,0.09744278551769693,0.3047396892667208,0.11046273924371584,0.3085928014017592,0.5373959348562379,0.7003956877829742,0.7276595494376967,1.1344502720021477,0.57284210383292
UW.SWID,-0.38407833962522064,-0.42227703101154596,-0.44134695460506895,-0.24072070820690972,-0.3553036942558401,-0.11375862525361381,-0.015046171924118822,0.46615872871381525,0.25733067336989024,0.8866964289944461,0.8891358945207202
UW.TBPA,-0.9287843500023782,-2.2551777075074153e-05,0.2456938652740391,0.24846250966208955,0.46197571870273696,0.690181087123694,0.8008169911132091,1.1835913593458447,1.292551310733278,1.456084512316096,1.319163099522776
UW.TKCO,-0.3767776584789593,-0.11413539370419187,0.42264733492195833,0.6039633508262667,0.4466267628115095,0.8834529709958354,0.995549904191238,1.0969275163625214,0.6469524501388602,0.5567505857796301,0.4784501860406506
UW.TKEY,,-0.7392640298720843,-0.6142959757488899,-0.6614872383436837,-0.28277898134570467,-0.17817372090613037,-0.2769281728520954,0.22402221932564007,0.07605427572360066,0.04435948778716345,0.734400708580128
UW.TLW1,1.0797498973396102,1.1191263459021137,0.851536771015457,1.2405455362196653,1.6966110636362608,0.34569376900900306,-0.2246718989759152,-0.2012524597600814,-0.48813557634922766,-0.2697441197637095,-0.8370471682197296
UW.TOLT,0.7191829380852907,0.7710598062879028,0.6459921129667138,0.7328820449690543,0.6926211992292478,0.30154565900683233,0.6336082735707158,0.5828993995547737,0.3511882656956775,-0.033530936398735035,-0.5801712690171047
UW.TTW,0.7943735016850878,0.8505704833271057,0.3573013422313062,0.38258851909697383,0.528054176179063,0.7752401026332851,0.6556531358031802,0.6098727716123709,-0.15635381847304236,-0.6385197838945733,-0.8969522984515665
UW.TUCA,2.6049226519907,2.1532615496858445,1.0965069446625793,0.9560728041735078,0.3950848462579814,0.678475721885093,0.8179141576771872,0.5301914438693014,0.18470945811647108,,
UW.UPS,-0.5279270242400822,-0.4432255468994502,-0.6342689407602767,-0.22879594018317584,-0.001604585833879378,0.019426763399188963,0.2164931730633983,0.3505153439234592,0.011031914343239486,0.33739312240349995,0.13640386808847954
UW.UWFH,0.227369526462376,-0.10774909953757393,0.1383535528319241,0.38323521592525556,0.13659662538585118,-0.29789143726996964,-0.39915270416684884,-0.33871428798238923,-0.33442371958401784,-0.19262678408718178,-0.043694404880642766
UW.VVHS,0.8702139672035408,0.4033794716270054,0.323232197385083,0.15371946581402152,0.22798964023670823,0.3391726267581223,0.42588599100639596,0.4065340115262773,0.32800393271126593,0.7368574932052897,1.1124318758294078
UW.WEL1,,0.7496494513179456,0.6565883776916224,0.8180892501513087,1.0835402217701906,1.700886126992042,0.8753918647046467,0.15476055857500026,-0.5435856953902274,,
UW.WEL2,0.6216300037543615,-0.10066399475902395,0.02544635027153193,0.04072262345934091,-0.3145795134190527,-0.06026176240981223,-0.0826275071984542,0.027800547482075125,-0.3013372860707761,,
UW.WHGC,,-0.37131242106862833,0.1444584391529124,-0.4972883150900126,-0.7108296003608549,0.220807442133395,-0.5677712700562678,-0.7212351504163014,-0.5334951747625011,-0.7986075453753821,-0.5575037330209843
UW.WIB,1.2289071819986006,0.0632731944545482,0.017495541799244355,0.27149644876252677,-0.04541574123333118,-0.22600047333092627,-0.7917494664690771,-0.646545879196121,-0.23942396333524335,,
UW.WISC,-0.24036141864644545,0.16029473411504397,0.08078700526641844,0.47511165988324117,-0.1616666949711445,-0.07375666712606485,0.1888949842902021,0.3532711581158746,0.3764694469819571,0.45781354548484954,0.45443068543694887
UW.WISH,,-0.5275163928756055,-0.5985276465893161,-0.5188706784898576,-1.0751572153097992,-1.383112604012226,-0.8982125727873741,-0.7044798744485695,-0.4190050902570685,-0.570036913008821,0.06466919572716952
UW.WOLL,1.578680276103938,0.8670127323530471,0.91343979432025,0.16300453743118964,-0.03890513091852753,0.09814362008406913,-0.30495254061545113,-0.12995671878636833,-0.19383338888530105,,
X4.MA01,-0.3792830344314147,-0.2666292429612739,-0.40720822356406294,-0.2736543949716931,0.00303190180407866,0.10709149866198901,0.17534180744471442,-0.3027233334226342,-0.1469330382645288,-0.5214424150099242,-0.1411821655147579
X4.MA02,0.2451123669404881,-0.19950128220422297,-0.11374145846591369,-0.15881949454981015,-0.34149095651773104,-0.42570528125288576,-0.6251018165932754,-0.6332108446608965,-0.4589102688097038,-0.671472193483765,3.6021697964778156e-05
X4.MA03B,0.2105821121084471,-0.636672245294517,-0.5718942241374237,-0.1772490173179379,-0.7918422728588348,-0.009664174532405095,-0.10276912350961204,-0.859780567465008,-0.05049534265783312,-0.7417090276475423,-0.63061360283904
X4.MA04,-0.3403045003852926,-0.23103473834678745,0.34854845260723133,0.667827602676456,0.5249395850525268,0.32095329877276935,0.3566322717801716,0.6510532605025299,0.35370754312014285,0.8375446216030521,0.7419622599147868
X4.MA05,0.14125006336283497,0.3472435174021496,0.07693898513197757,0.2318371934557773,0.3516733088869145,0.5138392673244249,0.3409162414660356,-0.058434898307066,0.41400236063354906,0.0219065875282642,0.446572752227794
X4.MA07,0.9893723374140965,1.0138107306889634,1.678969856064961,1.4593166893082696,0.8710811890412173,0.8029174418232843,0.9997677079252665,0.9412872396681944,1.0512910259534367,0.9309034025043403,1.0762925725212151
X4.MA08,0.03898609916108639,-0.6216465393126581,-0.4894054994041657,-0.6094106171015089,-0.5465232068593161,-0.7438667426625353,-0.5748758154899939,-0.6615926650475383,-0.7847609694729413,-0.3931440973325451,-0.2044327130980185
X4.MA09,0.050086015002960414,0.05205092672875378,-0.5767876774571542,-0.34791443596139865,-0.4491190342898201,-0.5397930117537953,-0.4195451684915456,-0.7635289063555233,-0.37788015749410536,-0.37768645670949286,-0.37065162838298427
X4.MA10,0.708416728676986,0.5901638292449138,0.6628788903621937,0.4638739261548369,0.59745080000685,0.41071960344484254,0.33816150575282633,0.07850250931392928,0.00822562862790479,-0.4113063906265454,-0.5467819911369933
X4.MA11,0.5483065517643373,-0.490113574086896,-0.3281387551420642,-0.9748173663821224,-0.4052602946945662,-0.5321556619280632,-0.4229541594601585,-0.48093625156289765,-0.44301965704222473,-0.8846243546116815,-0.5129010223788083
X4.MA13,0.3033766492669164,0.40548798902117666,0.9218241318913697,0.22172169992388474,0.4641575166062356,0.3712706743340601,0.45220472341933265,0.5417039173658845,0.6997329457122083,0.21494838566253005,0.03736093803581657
XC.OR009,1.1518621388807286,1.3016644261894184,1.402972695602741,1.144858125037551,1.3359970564102015,1.117837142741139,0.9742724403059652,0.6118507383859574,0.7932729153882588,0.5108182172569368,-0.00359322426199598
XC.OR014,-0.11586799385358099,-0.1271222279059924,0.27513660552079255,-0.0018884246217262242,0.13184999704897307,-0.3826036739173057,-0.019676121356232305,-0.6098561024443089,-0.22622927286498068,-0.6141831791375841,-0.2916606293213283
XC.OR034,0.11376651928874643,0.6063630940307891,1.0276793621332652,0.21363912581208894,0.6206654816387341,0.19904009658614155,0.5317860719811575,0.3003356024198855,0.5774791422153677,0.16407861567509222,0.12661606780510765
XC.OR133,0.5289925687023574,0.6712157982876639,1.4731714833363552,1.334090371356328,1.0124812557657987,1.0729165234019296,1.3645730097018824,0.5786062868090575,0.2436284045828471,-0.057348572021944204,-0.3242379099358157
XU.BD11,0.49679537085073777,0.06783028293439919,-0.19776227047057976,-0.03800951374266871,-0.344745629600055,-0.4935613543993845,-0.37254568095412477,-0.3457933550331334,-0.07406249328627913,-0.0424529480471767,-0.021809521827731417
XU.BS11,-0.26774235178213845,-0.16503141691874793,0.15994871023060564,-0.326490073203209,0.025084501117198402,0.16741249706048825,0.22016617083658188,-0.3367506407448795,-0.43643510755878323,0.2764620959198561,-0.17970388720898806
XU.E010,2.17497234753951,2.21368104071645,1.8551495114764351,1.7538399156204683,1.3516659072342272,1.182781849289144,1.3589274593819225,1.4775252931471967,1.5951120291557868,0.47743203207895024,-0.517941368797796
XU.E020,1.0020897749561763,0.720178763085228,0.8537060166467371,0.455683446363461,0.22917460147944851,0.26020423053844044,0.7606835656592551,1.160588501560995,1.4525510120138867,0.671477168908558,0.364207828961372
XU.E030,0.2767709439990576,-0.11138481688526454,-0.455961748384022,-0.4923695724316076,-0.5530135071736509,-0.46736039988146016,-0.35102389132413964,-0.435363606372442,-0.38491769253248487,-0.5714047883192556,-0.20975104499126396
XU.E050,1.1610614839609412,1.4031245713663114,0.30446438079797367,-0.6185758016715124,-0.33749827785096953,-1.0061120577630307,-0.9278933917641052,-0.8794961351158552,-0.6340255782262777,-0.49877939333097854,-0.5421160074257164
XU.E060,-1.1275200553521778,-1.476800625411548,-1.6064273709416284,-1.865471565687881,-1.1956231782408493,-1.352067495626526,-1.055137414115887,-0.9663197130485325,-0.8246114219793179,-0.3196862536578617,-0.5733055963510046
XU.E070,-0.8759622675830138,-1.1434093786708295,-0.6411731532515641,-0.34889739966421507,-0.7432613719724919,-0.6377390245105774,-0.36584022541537314,-0.4569691467115477,-0.24507414136792421,0.01870659802218783,0.3308391549164731
XU.N010,,-1.1794912180481618,-0.44069218252812076,-0.3224996500368122,-0.1728066362182964,-0.18535858266440078,-0.28625514489090537,0.37051635566500624,0.0679274138831782,0.29892759384902534,0.26691413993730684
XU.N015,-1.4447084952822526,-0.5831134785225053,-0.4098678550630955,-0.3884959594740527,-0.5669916082020597,0.18254680380113822,0.10067526693119358,0.4020471300972549,0.21527709246334864,-0.08156471798073621,0.18653521256502026
XU.N020,-1.0342297012776052,-0.5766211757669804,-1.204533142665453,-1.06300689104974,-0.8573701094606442,-1.0104595568778179,-0.8857039419356474,-0.6926229580454443,-0.7058630712224174,-0.46747321983427914,-0.3402573869050349
XU.N025,-0.6588176887340111,-0.2784246250225981,-0.01836311037685548,0.2846839212067495,0.2974420387367163,0.7059100509174068,-0.0019326411457115437,0.35110645904626786,0.4212036103142795,-0.29079750263471293,0.147458729690886
XU.N030,-0.5228953450835195,-0.08644493918088104,0.09125987453894176,0.286074297206181,0.32441314217258965,0.1667350403263086,0.06577938412412862,0.22276489148999024,0.08404262367762823,0.2076755133191508,0.45745626303276926
XU.N040,-1.3586555963283553,-1.1552166080427586,-0.8840583146794336,-0.4365243587309315,-0.39809303790508793,-0.015602180462449596,0.14430347722108267,0.5916517507924932,0.6205622106856707,0.7906896344922598,0.540702475550303
XU.N050,-1.0603507313312466,-0.6296095737249799,-0.4741095850949355,0.039374325239912036,0.06469997925553819,0.2873189123279057,0.40945518783399815,0.10856798446783512,-0.1509370340970731,0.17103058387673228,0.4399988325718085
XU.N060,-0.6152728991645218,-0.8420009603875503,-0.7609715851495884,-1.2129113203094313,-0.9947340436967346,-0.8359008345871067,-0.6959947913198343,-0.8204198022188661,-0.6001203532778032,-0.6437749041379661,-0.8450370794652983
XU.N070,0.3152281873734562,0.20603442359637683,-0.10676646037039654,-0.08507920699614616,0.17104394581986712,0.16439402144164836,0.5913343958855684,0.5224005471504582,-0.004797605697185184,0.3444527586927913,0.17530357806963345
XU.N080,-0.32873367656528624,-0.6118531799050698,-0.6679007078320238,-0.6993942808876817,-0.760397354763214,-0.3998377624564077,-0.7444714088524985,-0.2682210752694046,-0.0045384034954388105,0.1361551315482707,0.32049058331026953
XU.N085,-0.2859341181623413,-0.6690347232407325,-0.9368869248355389,-0.7879985812836674,-0.913890836660562,-0.9568787426183462,-0.5831325109600093,-0.45440448208142054,-0.25027851406026497,-0.600847873791238,-0.0630891058368363
XU.N090,-0.5642926551343552,-0.3978156918826247,0.07005776958284454,-0.08801297039395324,0.5121214373825164,0.09908980873855247,0.14688253701207987,0.374961309498822,-0.04843868139487832,0.7078168591449397,0.6253058247109988
XU.N100,0.4616649211105235,0.032114594321684155,-0.7033097148270215,-0.3836793026308309,-0.6679775111696713,-0.5810131402297269,-0.42164040286009197,-0.16021369549401335,0.12206034289650251,-0.09342778417493657,-0.32515092836574966
XU.N110,0.3240106309773384,0.07897338061150914,0.04039381069863046,-0.41577335845874575,-0.20686999508063333,-0.03741631377155801,-0.04069917034860231,0.048487354843319994,0.3681602048913614,0.11464152524653812,-0.3961952121878147
XU.N120,1.219313946024164,1.5330348944098457,1.4923408258729391,0.810675710218338,0.2679554673953202,-0.007833069675485773,0.015433787712412942,-0.23396965669261524,-0.25440814149409,-0.9823882873438019,-0.2984723763179313
XU.N130,0.38796983127952317,-0.7829339868660374,-0.026032128231131726,-0.8481710198868937,0.4679533819207363,0.02731795929183115,0.4978600961548618,0.48157301713245154,0.314043675585966,-0.3001407579046916,0.6150361547905094
XU.PL11,0.013872774294423932,-0.25340634126639006,0.19147881124401192,0.055430105645016575,-0.07755541363104741,-0.6806778588912887,-0.734669113428896,-0.34217432167074985,-1.26384515254077,-0.5108289477463905,-0.9786799746713488
XU.S010,-0.6586935725308108,-0.16475690573711335,0.2964300907234815,0.2735204702589166,0.49462074174991916,0.3457344842826187,0.3627392652422334,0.41030699842511803,0.43915689452513945,0.8569619142086567,0.5491756330899472
XU.S015,-1.7680430596300547,-1.3303439122153145,-0.858255541400829,-0.699422439579799,-0.44372896359974784,-0.3616420737456313,0.05247712692200719,0.003966293143152524,0.26554890434070233,0.26373484655463436,0.4662141180495892
XU.S020,0.3127453790683024,0.14999493196682856,-0.03291259603028415,-0.0018993075437756608,0.25871356277851015,0.36477752107098504,0.28914685763344444,0.39466599975885247,0.36151297540844013,0.7147364371721312,0.30864999214662936
XU.S030,0.13819884814514571,-0.07030420858088325,-0.07238736821579013,-0.32934732568104075,0.03318751193909846,0.14120157912670933,0.3498923866086178,0.5302750076980229,0.21964839890918922,0.5295858638697463,0.1339399666105459
XU.S040,-0.07593565853205142,-0.2934710881669202,-0.6618105481196784,-0.8150330149546106,-0.4955164730055936,-0.7947872421486936,-0.995462425233087,-0.7961778677222064,-1.0239855429789968,-0.8501091829813392,-0.6776069756817782
XU.S050,0.7495893802941397,0.7082198978571959,0.5880848408956447,0.3593398261613832,0.2783537973068031,0.6659336233794503,0.34666813162089316,0.6120918089421488,0.5149092242461379,1.358122144402562,0.3068975877295132
XU.S055,-0.42590230041516125,-0.1438910045261737,-0.2230045444551862,-0.3642627686045608,0.06206121442934821,-0.6426156384172802,-0.45289169041421035,-0.49958638482351975,-0.6900814870330315,-0.1636143576078114,-0.2912720933193267
XU.S060,-1.0380814341012718,-1.2989577931039435,-0.8317418953418695,-1.0145370103236393,-0.8644032035346753,-1.3836259645938989,-1.2233028223983597,-0.654400958405306,-0.3844060876439474,0.2094094731263502,0.18485445324862354
XU.S065,-0.5872847209890035,-0.3440173432220374,-0.494332621931346,-0.23403301989087455,-0.5159052925799219,-0.3528813425763522,0.10153519442307529,0.23979742839443008,0.6764027111222201,0.9922101085189247,0.4445903175482171
XU.S070,0.24701858318010336,0.07254341441557244,-0.29603122045032126,0.014276681597536926,-0.2252090051931888,-0.427694122316337,-0.36569097180502763,-0.14479255874538569,0.1081369131029792,0.6350852113832737,0.3621356818425403
XU.S080,0.017302603349592327,-0.7506309622899893,-0.8807798583945057,-0.7708967939975022,-0.093039337772783,-0.2678795294584337,-0.5686140582980357,-0.5051920653729172,-0.43307510634687607,-0.2612937298841374,-0.3677778428365428
XU.S090,0.5283471923137064,1.6512161167766568,0.7447003732863704,0.44355531770540985,-0.12416830948117247,0.19056134781351694,0.7542212213507,0.08788582587030629,-0.22517208693118296,-0.3918729248358853,-0.959202054392813
XU.S100,-1.0808880677802493,-0.27661250318168085,-0.23345255433633935,-0.12761661426322676,0.617777310487082,-0.2881138579811328,-0.48247574188668546,-0.40203816210649873,-0.13733940818308352,0.0727098959956289,-0.023523049258469864
XU.W020,-0.637771847985351,-0.4727912197738048,-0.4925447913872266,-0.9766036896663702,-0.8733109322191598,-1.0035572593688835,-1.006366498916647,-0.8911828627803323,-1.0420181130523072,-1.3268826337574668,-0.6056830297541587
XU.W040,-0.782707070531021,-1.0149444865635031,-0.9594095744117938,-0.9285277778672361,-0.9214642481745176,-0.9299827482982211,-0.8001328304280331,-1.0599799488169055,-0.8967266269295646,-1.116171198947867,-1.2493034367721203
XU.W060,0.8945013879610493,0.9752222459079826,1.0716989386981786,0.33280822719177944,0.09676542515633671,-0.26357460212283823,0.11236990163550008,0.27881426737986365,-0.15693741621640683,-0.2610910996370799,-0.06251369950891662
XU.W070,0.33046466751130593,0.9944658039903923,0.39741553122713147,-0.22817070381525842,-0.5980490651805382,-0.3769097597509433,-0.4921393713264562,-0.5710300069308495,-0.750436446476267,-0.9596832984491341,-0.5776014102903901
XU.W080,0.2146994824987288,0.08120513516423995,-0.4317059310317664,-0.5467987679682297,-0.9031218177225881,-0.3672076962040461,-0.4089062697019836,-0.2996485906266792,-0.4204864444689175,-0.4256498351789203,-0.3553779003619576
XU.W090,-1.6388634895399943,-1.2763766823940572,-1.0677765735848392,-1.1100702066234518,-0.785429846809646,-0.7915517212168579,-0.655341959673547,-0.25104953913847133,-0.015085565633504307,0.5625813602775566,0.6099051485259854
XU.W100,-0.229405559798068,0.06657989064912137,0.37508193212893104,0.3221625091881051,0.9526444865953029,0.5435078672547784,0.9908650545074532,0.6419257633460685,0.2726647449052784,0.6691211643426996,0.323022911132232
XU.W110,0.514265016604305,1.063065636177474,1.2138430928597495,0.9453285348981553,0.4453765992168709,-0.2007346235727209,0.7932172661724995,0.20355431878243016,0.5522943084002283,0.9009324236265966,0.9011137685391932
